{"wpforms-activecampaign":{"title":"ActiveCampaign Addon","slug":"wpforms-activecampaign","url":"https:\/\/wpforms.com\/addons\/activecampaign-addon\/","version":"1.4.0","image":"https:\/\/wpforms.com\/wp-content\/uploads\/2020\/03\/addon-icon.png","video":"https:\/\/www.youtube.com\/embed\/iT4rILxvOdE","excerpt":"The WPForms ActiveCampaign addon lets you add contacts to your account, record events, add notes to contacts, and more.","doc":"https:\/\/wpforms.com\/docs\/how-to-install-and-use-the-activecampaign-addon-with-wpforms\/","id":729633,"license":["agency","ultimate","elite"],"category":["providers"],"changelog":["<h4>1.4.0 (2022-06-28)<\/h4><ul> <li>Added: Possibility to use Smart Tags in Notes.<\/li> <li>Changed: Minimum WPForms version supported is 1.7.5.<\/li> <li>Changed: Reorganized locations of 3rd party libraries.<\/li><\/ul>","<h4>1.3.0 (2022-05-26)<\/h4><ul> <li>IMPORTANT: Support for WordPress 5.1 has been discontinued. If you are running WordPress 5.1, you MUST upgrade WordPress before installing the new WPForms ActiveCampaign. Failure to do that will disable the new WPForms ActiveCampaign functionality.<\/li> <li>Added: Compatibility with WPForms 1.6.8 and the updated Form Builder.<\/li> <li>Changed: Minimum WPForms version supported is 1.7.3.<\/li> <li>Changed: Replaced <code>jQuery.isFunction()<\/code> (deprecated as of jQuery 3.3) usages with a recommended counterpart.<\/li> <li>Fixed: Properly handle the situation when trying to change the template for the same form multiple times.<\/li> <li>Fixed: Send to ActiveCampaign form submission data even when the \"Entry storage\" option is disabled in the Form Builder.<\/li> <li>Fixed: CSS improvements of Add New Event button when a connection with the \"Event Tracking\" action was created.<\/li><\/ul>","<h4>1.2.1 (2020-08-05)<\/h4><ul> <li>Fixed: API key\/token expiration detection missing.<\/li> <li>Fixed: Properly initialize a template inside the Form Builder addon configuration area for conditional logic.<\/li> <li>Fixed: Allow a simple format of the form \"Name\" field to correctly pass data to ActiveCampaign \"Full Name\" field.<\/li><\/ul>","<h4>1.2.0 (2020-04-29)<\/h4><ul> <li>Changed: Greatly improved tags management UI.<\/li> <li>Changed: Improved various field labels\/descriptions inside the Form Builder.<\/li> <li>Fixed: Compatibility with WordPress Multisite when WPForms activated Network-wide, and addon - site-wide.<\/li> <li>Fixed: Do not send Event-related ActiveCampaign API requests when there are no required account ID and event key.<\/li><\/ul>","<h4>1.1.0 (2020-03-16)<\/h4><ul> <li>Added: Process smart tags inside notes to be recorded for each new\/updated contact.<\/li> <li>Changed:\u00a0Increase the number of records returned from ActiveCampaign API from 20 to 100.<\/li><\/ul>","<h4>1.0.0 (2020-03-03)<\/h4><ul> <li>Initial release.<\/li><\/ul>"],"required_versions":{"wp":"5.2","php":"5.6","wpforms":"1.7.5"},"form_builder":{"category":["providers"]},"settings_integrations":{"category":["email-marketing"],"featured":false},"icon":"addon-icon-activecampaign.png"},"wpforms-authorize-net":{"title":"Authorize.Net Addon","slug":"wpforms-authorize-net","url":"https:\/\/wpforms.com\/addons\/authorize-net-addon\/","version":"1.3.0","image":"https:\/\/wpforms.com\/wp-content\/uploads\/2020\/05\/addon-icon-authorize-net.png","video":"https:\/\/www.youtube.com\/embed\/Vx8lneApeDc","excerpt":"The WPForms Authorize.Net addon allows you to connect your WordPress site with Authorize.Net to easily collect payments, donations, and online orders.","doc":"https:\/\/wpforms.com\/docs\/how-to-install-and-use-the-authorize-net-addon-with-wpforms\/","id":845517,"license":["agency","ultimate","elite"],"category":["payments"],"changelog":["<h4>1.3.0 (2022-06-28)<\/h4><ul> <li>Changed: Minimum WPForms version supported is 1.7.5.<\/li> <li>Changed: Reorganized locations of 3rd party libraries.<\/li> <li>Fixed:\u00a0Compatibility with WordPress Multisite installations.<\/li><\/ul>","<h4>1.2.0 (2022-03-16)<\/h4><ul> <li>Added: Compatibility with WPForms 1.6.8 and the updated Form Builder.<\/li> <li>Added: Compatibility with WPForms 1.7.3 and Form Revisions.<\/li> <li>Changed: Updated Authorize.Net PHP SDK to v2.0.2 for PHP 7.4 and PHP 8 support.<\/li> <li>Changed: Minimum WPForms version supported is 1.6.7.1.<\/li><\/ul>","<h4>1.1.0 (2021-03-31)<\/h4><ul> <li>Added: Transaction-specific errors logging to make payment issues identification easier.<\/li> <li>Added: Account credentials validation on WPForms Payments settings page.<\/li> <li>Added: Optional address field mapping for Authorize.Net accounts requiring customer billing address.<\/li> <li>Added: Email Notifications option to limit to completed payments only.<\/li><\/ul>","<h4>1.0.2 (2020-08-06)<\/h4><ul> <li>Fixed: Card field can be mistakenly processed as hidden under some conditional logic configurations.<\/li><\/ul>","<h4>1.0.1 (2020-08-05)<\/h4><ul> <li>Fixed: Conditionally hidden Authorize.net field should not be processed on form submission.<\/li><\/ul>","<h4>1.0.0 (2020-05-27)<\/h4><ul> <li>Initial release.<\/li><\/ul>"],"required_versions":{"wp":"5.2","php":"5.6","wpforms":"1.7.5"},"form_builder":{"category":["payments"]},"settings_integrations":{"category":["payment"],"featured":false},"icon":"addon-icon-authorize-net.png"},"wpforms-aweber":{"title":"AWeber Addon","slug":"wpforms-aweber","url":"https:\/\/wpforms.com\/addons\/aweber-addon\/","version":"1.3.0","image":"https:\/\/wpforms.com\/wp-content\/uploads\/2016\/02\/addon-icon-aweber-1.png","video":"https:\/\/www.youtube.com\/embed\/H8D9SbXds2Y","excerpt":"The WPForms AWeber addon allows you to create AWeber newsletter signup forms in WordPress, so you can grow your email list. ","doc":"https:\/\/wpforms.com\/docs\/install-use-aweber-addon-wpforms\/","id":154,"license":["plus","pro","agency","ultimate","elite"],"category":["providers"],"changelog":["<h4>1.3.0 (2022-03-16)<\/h4><ul> <li>Added: Compatibility with WPForms 1.6.8 and the updated Form Builder.<\/li> <li>Changed: Improved translatable strings escaping.<\/li><\/ul>","<h4>1.2.0 (2019-07-23)<\/h4><ul> <li>Added: Complete translations for French and Portuguese (Brazilian).<\/li><\/ul>","<h4>1.1.0 (2019-02-06)<\/h4><ul> <li>Added: Complete translations for Spanish, Italian, Japanese, and German.<\/li> <li>Fixed: Typos, grammar, and other i18n related issues..<\/li><\/ul>","<h4>1.0.7 (2018-03-15)<\/h4><ul> <li>Fixed: Error when adding account from Settings &gt; Integrations tab.<\/li><\/ul>","<h4>1.0.6 (2017-03-09)<\/h4><ul> <li>Changed: Adjust display order so that the providers show in alphabetical order<\/li><\/ul>","<h4>1.0.5 (2017-02-09)<\/h4><ul> <li>Added: Support for tagging<\/li><\/ul>","<h4>1.0.4 (2016-07-07)<\/h4><ul> <li>Changed: Improved error logging<\/li><\/ul>","<h4>1.0.3 (2016-06-23)<\/h4><ul> <li>Changed: Prevent plugin from running if WPForms Pro is not activated<\/li><\/ul>","<h4>1.0.2 (2016-04-12)<\/h4><ul> <li>Changed: Improved error logging<\/li><\/ul>","<h4>1.0.1 (2016-04-06)<\/h4><ul> <li>Fixed: Issue with Aweber submission failing without custom fields<\/li><\/ul>","<h4>1.0.0 (2016-03-11)<\/h4><ul> <li>Initial release.<\/li><\/ul>"],"required_versions":{"wp":"5.2","php":"5.6","wpforms":""},"form_builder":{"category":["providers"]},"settings_integrations":{"category":["email-marketing"],"featured":false},"icon":"addon-icon-aweber.png"},"wpforms-campaign-monitor":{"title":"Campaign Monitor Addon","slug":"wpforms-campaign-monitor","url":"https:\/\/wpforms.com\/addons\/campaign-monitor-addon\/","version":"1.2.1","image":"https:\/\/wpforms.com\/wp-content\/uploads\/2016\/06\/addon-icon-campaign-monitor.png","video":"https:\/\/www.youtube.com\/embed\/UiiFwNH-HGc","excerpt":"The WPForms Campaign Monitor addon allows you to create Campaign Monitor newsletter signup forms in WordPress, so you can grow your email list. ","doc":"https:\/\/wpforms.com\/docs\/how-to-install-and-use-campaign-monitor-addon-with-wpforms\/","id":4918,"license":["plus","pro","agency","ultimate","elite"],"category":["providers"],"changelog":["<h4>1.2.1 (2019-08-05)<\/h4><ul> <li>Fixed: Forms field mapping with Checkbox field.<\/li><\/ul>","<h4>1.2.0 (2019-07-23)<\/h4><ul> <li>Added: Complete translations for French and Portuguese (Brazilian).<\/li><\/ul>","<h4>1.1.0 (2019-02-06)<\/h4><ul> <li>Added: Complete translations for Spanish, Italian, Japanese, and German.<\/li> <li>Fixed: Typos, grammar, and other i18n related issues..<\/li><\/ul>","<h4>1.0.4 (2018-03-15)<\/h4><ul> <li>Changed: Improved display order of account fields.<\/li> <li>Fixed: Error when adding account from Settings &gt; Integrations tab.<\/li><\/ul>","<h4>1.0.3 (2017-03-09)<\/h4><ul> <li>Changed: Adjust display order so that the providers show in alphabetical order<\/li><\/ul>","<h4>1.0.2<\/h4><ul> <li>Fixed: Improved checking for other Campaign Monitor plugins to avoid conflicts<\/li><\/ul>","<h4>1.0.1 (2016-07-07)<\/h4><ul> <li>Changed: Improved error logging<\/li><\/ul>","<h4>1.0.0 (2016-06-16)<\/h4><ul> <li>Initial release.<\/li><\/ul>"],"required_versions":{"wp":"5.2","php":"5.6","wpforms":""},"form_builder":{"category":["providers"]},"settings_integrations":{"category":["email-marketing"],"featured":false},"icon":"addon-icon-campaign-monitor.png"},"wpforms-conversational-forms":{"title":"Conversational Forms Addon","slug":"wpforms-conversational-forms","url":"https:\/\/wpforms.com\/addons\/conversational-forms-addon\/","version":"1.7.0","image":"https:\/\/wpforms.com\/wp-content\/uploads\/2019\/02\/addon-conversational-forms.png","video":"https:\/\/www.youtube.com\/embed\/g6D4khVv7tQ","excerpt":"Want to improve your form completion rate? Conversational Forms addon by WPForms helps make your web forms feel more human, so you can improve your conversions. Interactive web forms made easy.","doc":"https:\/\/wpforms.com\/docs\/how-to-install-and-use-the-conversational-forms-addon\/","id":391235,"license":["pro","agency","ultimate","elite"],"category":["settings"],"changelog":["<h4>1.7.0 (2022-06-28)<\/h4><ul> <li>IMPORTANT: Support for PHP 5.5 has been discontinued. If you are running PHP 5.5, you MUST upgrade PHP before installing the new WPForms Conversational Forms. Failure to do that will disable the WPForms Conversational Forms plugin.<\/li> <li>Added: New filter <code>wpforms_conversational_forms_frontend_handle_request_form_data<\/code> that can be used to improve multi-language support.<\/li> <li>Changed: Minimum WPForms version supported is 1.7.5.<\/li> <li>Changed: Reorganized locations of 3rd party libraries.<\/li> <li>Changed: Date field can be filled in when using the Date Picker with custom date formats.<\/li> <li>Fixed: Incorrect canonical and <code>og:url<\/code> page meta values produced by the Yoast SEO plugin.<\/li> <li>Fixed: Users with editor permissions were unable to save Conversational Forms slugs.<\/li> <li>Fixed: Improved an error message color for the modern file upload field.<\/li> <li>Fixed: Missing styles for links added to the Conversational Message.<\/li> <li>Fixed: Conditional logic was processed incorrectly for the Multiple Dropdown field.<\/li> <li>Fixed: Correctly display a placeholder for the Modern Dropdown field in the Firefox browser.<\/li> <li>Fixed: Single Dropdown field didn't work on mobile devices.<\/li> <li>Fixed: Date\/Time field didn't support flatpickr's <code>range<\/code> and <code>multiple<\/code> modes.<\/li> <li>Fixed: Date\/Time field with 24h format for the timepicker wasn't working properly on mobile devices.<\/li> <li>Fixed: Form couldn't be submitted when a dropdown date option is selected for the required Date\/Time field and Conditional Logic applied to the field.<\/li> <li>Fixed: Opening a mobile device's keyboard for text fields removed focus from the field which was closing keyboard.<\/li> <li>Fixed: Improved compatibility with Entry Preview and Rich Text fields.<\/li><\/ul>","<h4>1.6.0 (2021-03-31)<\/h4><ul> <li>Changed: Visual difference between radio and checkbox elements of Likert Scale field.<\/li> <li>Changed: \"Next\/Previous\" footer buttons are bigger for small screens.<\/li> <li>Changed: Radio inputs and select elements look more like traditional HTML elements on mobile.<\/li> <li>Changed: Improved styling for Authorize.Net and legacy Stripe CC fields on desktop and mobile.<\/li> <li>Changed: Disable autogenerated the <code>og:description<\/code> meta tag in the Rank Math plugin.<\/li> <li>Changed: The LikertScale field with a single response per row scrolls to the next row\/field on change.<\/li> <li>Changed: Radio\/Checkbox field items scroll into view while selecting with arrow keys.<\/li> <li>Changed: Form Locker UI enhancement when used in conversational mode.<\/li> <li>Fixed: Compatibility issue with Google v2 reCAPTCHA on certain mobile devices.<\/li> <li>Fixed: The <code>nav_menu_item<\/code> post type is included in the pool when checking the Conversational Form page slug for uniqueness.<\/li> <li>Fixed: Textarea and page footer appearance in IE11.<\/li> <li>Fixed: <code>blockquote<\/code>, <code>ul<\/code>, <code>ol<\/code> elements styling in a form description and a confirmation message.<\/li> <li>Fixed: Page footer logo appearance in portrait and landscape mobile layouts.<\/li> <li>Fixed: For the fields without a label, the number indicator is not shown.<\/li> <li>Fixed: The \"Hide label\" option is not processed for the fields.<\/li> <li>Fixed: Horizontal line before the Submit button.<\/li> <li>Fixed: If the checkbox has a label and no options, a long horizontal box appears.<\/li> <li>Fixed: The Number Slider field appearance.<\/li> <li>Fixed: Smart Phone field does not display a list of countries when clicking the flag.<\/li> <li>Fixed: TwentySeventeen and TwentyTwenty themes introduce style conflicts with Conversational Form pages.<\/li> <li>Fixed: Image Choices field scrolling position is set incorrectly in a rare combination of image\/screen size and field order.<\/li> <li>Fixed: Date dropdown field processing issue.<\/li> <li>Fixed: Focusing and positioning for Stripe CC field.<\/li> <li>Fixed: Dropdown focusing issue on iPhone X and iPhone SE.<\/li> <li>Fixed: A conditionally hidden field doesn't get focus if triggered to show by a Dropdown field.<\/li> <li>Fixed: Field sub-Labels do not hide when enabling the \"Hide Sub Label\" option in Advanced Field Settings.<\/li><\/ul>","<h4>1.5.0 (2020-08-05)<\/h4><ul> <li>Added: Show a notice if permalinks are not configured.<\/li> <li>Added: Easy access to Conversational Forms classes (e.g. <code>wpforms_conversational_forms()-&gt;frontend<\/code>).<\/li> <li>Added: New <code>wpforms_conversational_form_detected<\/code> hook right before Conversational Form hooks are registered.<\/li> <li>Changed: Page Title tag and meta tags always use Conversational Page Title if set.<\/li> <li>Changed: oEmbed links are now removed from Conversational Page HTML.<\/li> <li>Fixed: Occasionally the form scrolls past or does not activate the conditionally appearing field.<\/li><\/ul>","<h4>1.4.0 (2020-01-09)<\/h4><ul> <li>Added: Meta tag 'robots' with filterable <code>noindex,nofollow<\/code> value for all Conversational Forms pages.<\/li> <li>Fixed: Mobile: Virtual keyboard appearing inconsistently while interacting with the fields which have the sub-fields.<\/li> <li>Fixed: Popup Maker popup content displays in Conversational Forms.<\/li><\/ul>","<h4>1.3.1 (2019-11-07)<\/h4><ul> <li>Added: Basic compatibility with WPForms modern file uploader.<\/li> <li>Fixed: \"error404\" body class may appear if the custom permalink structure is used.<\/li> <li>Fixed: Form preview buttons open two tabs in the Edge browser.<\/li> <li>Fixed: \"Cannot read property 'addEventListener' of null\" JS error on form creation.<\/li><\/ul>","<h4>1.3.0 (2019-10-14)<\/h4><ul> <li>Added: Hexcode option to color picker.<\/li><\/ul>","<h4>1.2.0 (2019-07-24)<\/h4><ul> <li>Added: \"Enter or down arrow to go to the next field\" message for HTML, Section Divider, Payment Single and Payment Total blocks.<\/li> <li>Changed: Dropdown appearance altered to better mimic a traditional <code>select<\/code> element.<\/li> <li>Changed: Sublabel placed closer to the input area that it relates to for better visual perception.<\/li> <li>Changed: Dropdown chevron icon click and \"down arrow\" key open a list with all options visible.<\/li> <li>Changed: Form scrolls to selected subfields inside multi-input fields for both mobile and desktop.<\/li> <li>Changed: Active field is considered completed in footer progress bar calculation.<\/li> <li>Fixed: Image choices in a Conversational Form shows two-column layout no matter what the Choice Layout selection is.<\/li> <li>Fixed: Conditional logic not working properly on dropdown fields.<\/li> <li>Fixed: Conversational forms doesn't accept correct credit card expiration date.<\/li> <li>Fixed: Inconsistent percentage progress bar behavior (negative values) with conditionally hidden form fields.<\/li> <li>Fixed: Conversational forms won't submit if the field is required and is hidden by conditional logic.<\/li> <li>Fixed: Multiline form description is displayed as a single line on a frontend.<\/li> <li>Fixed: Some themes override Conversational Form's templates.<\/li><\/ul>","<h4>1.1.0 (2019-02-28)<\/h4><ul> <li>Added: Left\/Right arrow navigation support for Checkboxes, Radios, Rating, NetPromoter fields.<\/li> <li>Added: Esc for unhighlighting an option previously highlighted by arrow keys in Checkboxes, Radios, Rating, NetPromoter fields.<\/li> <li>Added: Space for selecting (same as Enter) options in Checkboxes, Radios, Rating, NetPromoter fields.<\/li> <li>Added: Shift+Tab to go to a previous option\/subfield (same as Up Arrow).<\/li> <li>Changed: Shift+Enter to go to the next field for Checkboxes (Enter just selects\/unselects checkboxes now).<\/li> <li>Changed: Dropdowns (desktop version) are not auto opening on focus now.<\/li> <li>Changed: More consistent arrow logic for Checkbox and Radio based fields.<\/li> <li>Changed: Mobile-native dropdowns are used for mobile devices now.<\/li> <li>Changed: Layout is optimized to use screen space more effectively on smaller screens.<\/li> <li>Changed: Tweaked virtual keyboard interaction on mobile devices for better mobile UX.<\/li> <li>Changed: Mobile Textarea doesn't have \"new line\" capability now due to mobile UI restrictions.<\/li> <li>Changed: Changed tooltip messages in admin area to be more explanatory.<\/li> <li>Changed: Changed how mobile\/desktop browsers are detected (mobile-detect.js).<\/li> <li>Changed: Footer \"Up\/Down\" buttons iterate through subfields on multi-field inputs now instead of instantly skipping to the next field.<\/li> <li>Fixed: Form's last field (conditionally hidden) was getting focus when trying to go up from \"Submit\" block.<\/li> <li>Fixed: Rating had no multi-digit keys support (e.g. impossible to select 10).<\/li> <li>Fixed: \"Active\" key navigation star was the same color as the selected one in Rating field.<\/li> <li>Fixed: Header was overlapping form content on Firefox and Edge browsers.<\/li> <li>Fixed: Mobile field focusing issues.<\/li><\/ul>"],"required_versions":{"wp":"5.2","php":"5.6","wpforms":"1.7.5"},"form_builder":{"category":["settings"]},"settings_integrations":{"category":[],"featured":false},"icon":"addon-icon-conversational-forms.png"},"wpforms-captcha":{"title":"Custom Captcha Addon","slug":"wpforms-captcha","url":"https:\/\/wpforms.com\/addons\/custom-captcha-addon\/","version":"1.4.0","image":"https:\/\/wpforms.com\/wp-content\/uploads\/2016\/08\/addon-icon-captcha.png","video":"https:\/\/www.youtube.com\/embed\/u9ebAWgOcF0","excerpt":"The WPForms Custom Captcha addon allows you to define custom questions or use random math questions as captcha to reduce spam form submissions.","doc":"https:\/\/wpforms.com\/docs\/how-to-install-and-use-custom-captcha-addon-in-wpforms\/","id":7499,"license":["basic","plus","pro","agency","ultimate","elite"],"category":[],"changelog":["<h4>1.4.0 (2022-03-16)<\/h4><ul> <li>Added: Compatibility with WPForms 1.7.1 and displaying the field on the Entry Edit page.<\/li> <li>Added: Compatibility with WPForms 1.7.3 and Form Revisions.<\/li><\/ul>","<h4>1.3.2 (2021-09-07)<\/h4><ul> <li>Changed: Prevent saving empty values for \"Question and Answer\" Captcha fields.<\/li> <li>Fixed: Compatibility with WPForms 1.6.8 and the updated Form Builder.<\/li> <li>Fixed: Incorrect \"Math\" Captcha preview in the Block Editor (Gutenberg).<\/li> <li>Fixed: Incorrect \"Question and Answer\" Captcha preview in Builder.<\/li><\/ul>","<h4>1.3.1 (2021-03-31)<\/h4><ul> <li><span data-preserver-spaces=\"true\">Fixed: Empty Form Builder preview when the \"Questions and Answer\" type has been selected and the first question has been removed.<\/span><\/li> <li><span data-preserver-spaces=\"true\">Fixed: \"Questions and Answers\" section may not be displayed for some users in the Form Builder when the \"Questions and Answers\" type has been selected.<\/span><\/li><\/ul>","<h4>1.3.0 (2019-07-23)<\/h4><ul> <li>Added: Complete translations for French and Portuguese (Brazilian).<\/li> <li>Fixed: <code>`wpforms_math_captcha`<\/code> filter running too early.<\/li><\/ul>","<h4>1.2.0 (2019-02-06)<\/h4><ul> <li>Added: Complete translations for Spanish, Italian, Japanese, and German.<\/li> <li>Fixed: Typos, grammar, and other i18n related issues..<\/li><\/ul>","<h4>1.1.2 (2018-12-27)<\/h4><ul> <li>Changed: Captcha field display priority in the form builder.<\/li><\/ul>","<h4>1.1.1 (2018-03-19)<\/h4><ul> <li>Fixed: JS file not loading on frontend, causing error.<\/li><\/ul>","<h4>1.1.0 (2018-03-15)<\/h4><ul> <li>Changed: Refactored addon and improved code.<\/li> <li>Fixed: Zero (0) math equation answers not being allowed.<\/li><\/ul>","<h4>1.0.3 (2017-06-15)<\/h4><ul> <li>Fixed: Issue with QA PHP validation<\/li><\/ul>","<h4>1.0.2 (2017-06-15)<\/h4><ul> <li>Fixed: Missing input class causing equation validation issues<\/li><\/ul>","<h4>1.0.1 (2017-06-13)<\/h4><ul> <li>Changed: Updated captcha field to new field class format<\/li><\/ul>","<h4>1.0.0 (2016-08-03)<\/h4><ul> <li>Initial release.<\/li><\/ul>"],"required_versions":{"wp":"5.2","php":"5.6","wpforms":""},"form_builder":{"category":[]},"settings_integrations":{"category":[],"featured":false},"icon":"addon-icon-captcha.png"},"wpforms-drip":{"title":"Drip Addon","slug":"wpforms-drip","url":"https:\/\/wpforms.com\/addons\/drip-addon\/","version":"1.4.2","image":"https:\/\/wpforms.com\/wp-content\/uploads\/2018\/06\/addon-icon.png","video":"https:\/\/www.youtube.com\/embed\/AXZnlFP8BVE","excerpt":"The WPForms Drip addon allows you to create Drip newsletter signup forms in WordPress, so you can grow your email list. ","doc":"https:\/\/wpforms.com\/docs\/how-to-install-and-use-the-drip-addon-in-wpforms\/","id":209878,"license":["plus","pro","agency","ultimate","elite"],"category":["providers"],"changelog":["<h4>1.4.2 (2020-05-05)<\/h4><ul> <li>Fixed: Properly initialize a template inside the Form Builder addon configuration area for conditional logic.<\/li><\/ul>","<h4>1.4.1 (2020-03-03)<\/h4><ul> <li>IMPORTANT: Support for PHP 5.4 has been discontinued. If you are running PHP 5.4, you MUST upgrade PHP before installing the new WPForms Drip and WPForms 1.5.9 (that the addon is relying on). Failure to do that will disable the WPForms Drip plugin.<\/li> <li>Fixed: Compatibility with WPForms 1.5.9<\/li><\/ul>","<h4>1.4.0 (2020-01-09)<\/h4><ul> <li>Added: Send to Drip eu_consent and eu_consent_message values for each subscriber if GDPR is enabled in plugin settings.<\/li> <li>Changed: Improved custom field name sanitization according to Drip specifications.<\/li> <li>Changed: Display errors in a Drip account addition popup in form Builder &gt; Marketing tab when something went wrong.<\/li> <li>Fixed: PHP warnings\/errors that triggered in some use cases.<\/li> <li>Fixed: Issue duplicating a form connected to Drip.<\/li> <li>Fixed: Field value not passing to Drip if field ID was #0.<\/li><\/ul>","<h4>1.3.0 (2019-07-23)<\/h4><ul> <li>Added: Complete translations for French and Portuguese (Brazilian).<\/li><\/ul>","<h4>1.2.1 (2019-02-22)<\/h4><ul> <li>Fixed: Drip API library not properly loading.<\/li><\/ul>","<h4>1.2.0 (2019-02-06)<\/h4><ul> <li>Added: Complete translations for Spanish, Italian, Japanese, and German.<\/li> <li>Fixed: Typos, grammar, and other i18n related issues.<\/li><\/ul>","<h4>1.1.0 (2018-08-28)<\/h4><ul> <li>Added: Ability to add a Drip account from the Form Builder.<\/li> <li>Changed: Lead Score field is now visible only if the Prospect option is checked.<\/li> <li>Changed: Improved settings screen description and helpful texts.<\/li> <li>Fixed: Multiple conditional logic rules now works fine for different Drip connections.<\/li><\/ul>","<h4>1.0.0 (2018-06-04)<\/h4><ul> <li>Initial release.<\/li><\/ul>"],"required_versions":{"wp":"5.2","php":"5.6","wpforms":""},"form_builder":{"category":["providers"]},"settings_integrations":{"category":["email-marketing"],"featured":false},"icon":"addon-icon-drip.png"},"wpforms-form-abandonment":{"title":"Form Abandonment Addon","slug":"wpforms-form-abandonment","url":"https:\/\/wpforms.com\/addons\/form-abandonment-addon\/","version":"1.6.0","image":"https:\/\/wpforms.com\/wp-content\/uploads\/2017\/02\/addon-icon-form-abandonment.png","video":"https:\/\/www.youtube.com\/embed\/6saU0Xmk00o","excerpt":"Unlock more leads by capturing partial entries from your forms. Easily follow up with interested leads and turn them into loyal customers.","doc":"https:\/\/wpforms.com\/docs\/how-to-install-and-use-form-abandonment-with-wpforms\/","id":27685,"license":["pro","agency","ultimate","elite"],"category":["settings"],"changelog":["<h4>1.6.0 (2022-03-16)<\/h4><ul> <li>Added: Compatibility with WPForms 1.6.8 and the updated Form Builder.<\/li> <li>Added: New JavaScript event <code>wpformsFormAbandonmentDataSent<\/code> triggered when successfully sending the abandoned data to be saved.<\/li> <li>Added: Compatibility with WPForms 1.7.3 and its search functionality on the Entries page.<\/li> <li>Changed: Minimum WPForms version supported is 1.7.3.<\/li> <li>Changed: Do not store Abandoned Entries and do not send related notifications when Entry storage is disabled.<\/li> <li>Fixed: Some smart tags are not rendered correctly in the abandonment notifications.<\/li> <li>Fixed: Abandoned Entries were not saved when a user clicks on any internal link inside the Firefox browser.<\/li><\/ul>","<h4>1.5.0 (2021-03-31)<\/h4><ul> <li>Added: Notification's \"Enable for abandoned forms entries\" option compatibility improvements with payment addons adding own rules whether to send a notification email.<\/li> <li>Changed: Replaced <code>jQuery.ready()<\/code> function with recommended way since jQuery 3.0.<\/li><\/ul>","<h4>1.4.4 (2020-12-17)<\/h4><ul> <li>Fixed: Form abandonment via external links not always detected on some mobile devices.<\/li><\/ul>","<h4>1.4.3 (2020-08-05)<\/h4><ul> <li>Changed: Password field values are no longer stored by default, can be enabled with <code>wpforms_process_save_password_form_abandonment<\/code> filter.<\/li> <li>Fixed: Abandoned entries are counting towards entry limits defined via Form Locker addon settings.<\/li> <li>Fixed: Prevent abandoned entry duplicates creation when 2 AJAX-based forms are present on the same page and only one of them was submitted.<\/li><\/ul>","<h4>1.4.2 (2020-06-10)<\/h4><ul> <li>Fixed: Entry must have the \"completed\" type after its creation through non-ajax form.<\/li><\/ul>","<h4>1.4.1 (2020-04-30)<\/h4><ul> <li>Fixed: Prevent 'Abandoned' (duplicate) entry on successful form submit.<\/li><\/ul>","<h4>1.4.0 (2020-01-15)<\/h4><ul> <li>Changed: Access Controls compatibility (WPForms 1.5.8).<\/li><\/ul>","<h4>1.3.0 (2020-01-09)<\/h4><ul> <li>Added: Tracking closing of the window or tab by listening to the <code>beforeunload<\/code> event.<\/li> <li>Changed: Do not send duplicate abandonment notifications if 'no duplicates' option is enabled.<\/li><\/ul>","<h4>1.2.0 (2019-07-23)<\/h4><ul> <li>Added: Complete translations for French and Portuguese (Brazilian).<\/li> <li>Fixed: Form abandonment records only last checkbox field selection.<\/li> <li>Fixed: \"Prevent duplicate abandoned entries\" saves duplicate entries.<\/li><\/ul>","<h4>1.1.0 (2019-02-06)<\/h4><ul> <li>Added: Complete translations for Spanish, Italian, Japanese, and German.<\/li> <li>Fixed: Typos, grammar, and other i18n related issues.<\/li><\/ul>","<h4>1.0.2 (2018-02-12)<\/h4><ul> <li>Fixed: Conflict with email notifications configured with conditional logic causing notifications to send when they should not.<\/li><\/ul>","<h4>1.0.1 (2017-02-01)<\/h4><ul> <li>Fixed: Incorrect version in updater which caused WordPress to think an update was available.<\/li><\/ul>","<h4>1.0.0 (2017-02-01)<\/h4><ul> <li>Initial release.<\/li><\/ul>"],"required_versions":{"wp":"5.2","php":"5.6","wpforms":""},"form_builder":{"category":["settings"]},"settings_integrations":{"category":[],"featured":false},"icon":"addon-icon-form-abandonment.png"},"wpforms-form-locker":{"title":"Form Locker Addon","slug":"wpforms-form-locker","url":"https:\/\/wpforms.com\/addons\/form-locker-addon\/","version":"2.1.0","image":"https:\/\/wpforms.com\/wp-content\/uploads\/2018\/09\/addon-icons-locker.png","video":"https:\/\/www.youtube.com\/embed\/uGwROBPQYuY","excerpt":"The WPForms Form Locker addon allows you to lock your WordPress forms with various permissions and access control rules including passwords, members-only, specific date \/ time, max entry limit, and more.","doc":"https:\/\/wpforms.com\/docs\/how-to-install-and-use-the-form-locker-addon-in-wpforms\/","id":265700,"license":["pro","agency","ultimate","elite"],"category":["settings"],"changelog":["<h4>2.1.0 (2022-06-28)<\/h4><ul> <li>IMPORTANT: Support for PHP 5.5 has been discontinued. If you are running PHP 5.5, you MUST upgrade PHP before installing the new WPForms Form Locker. Failure to do that will disable the WPForms Form Locker plugin.<\/li> <li>Changed: Minimum WPForms version supported is 1.7.5.<\/li> <li>Changed: Reorganized locations of 3rd party libraries.<\/li> <li>Fixed: Restrict by email address didn't work if the Confirmation setting was enabled for the Email field.<\/li> <li>Fixed: Form Scheduling datepickers didn't work if custom formats were set in the WordPress General Settings page.<\/li> <li>Fixed: Smart Phone field that required a unique value didn't get validated.<\/li><\/ul>","<h4>2.0.3 (2022-02-10)<\/h4><ul> <li>Changed: Improved compatibility with PHP 8.<\/li> <li>Fixed: Correctly handle \"Unique answer\" feature comparisons of strings having special characters.<\/li><\/ul>","<h4>2.0.2 (2021-09-16)<\/h4><ul> <li>Changed: Properly handle the UI part of the IP-related setting - when IP storage is disabled, do not allow enabling IP-based entry limit.<\/li> <li>Fixed: Do not globally cache all entry submission limits when Entry Limit by IP\/email is enabled.<\/li><\/ul>","<h4>2.0.1 (2021-09-14)<\/h4><ul> <li>Changed: Adjusted various styles on the Form Builder &gt; Settings &gt; Form Locker screen.<\/li> <li>Fixed: Compatibility with WordPress Multisite installations.<\/li> <li>Fixed: Start date should always be less than End date and vice versa.<\/li> <li>Fixed: Correctly handle global site time format changes when rendering a form with Form Schedule enabled.<\/li> <li>Fixed: Correctly handle time comparison in AM\/PM format when setting Scheduling End Date if the user input is incorrect.<\/li> <li>Fixed: Object cache was breaking Entry Limits logic.<\/li><\/ul>","<h4>2.0.0 (2021-08-03)<\/h4><ul> <li>Added: Age verification locker.<\/li> <li>Added: Email verification locker.<\/li> <li>Added: Entry limit based on user IP.<\/li> <li>Added: Entry limit based on an email field value.<\/li> <li>Added: Compatibility with WPForms 1.6.8 and the updated Form Builder.<\/li> <li>Changed: Frontend UI enhancement when used with Conversational Forms addon.<\/li> <li>Changed: Improved compatibility with jQuery 3.5 and no jQuery Migrate plugin.<\/li> <li>Changed: Further improved selective JS script loading to take into account Form Locker settings.<\/li><\/ul>","<h4>1.2.3 (2020-08-05)<\/h4><ul> <li>Added: Filter <code>wpforms_form_locker_submit_label<\/code> to change the submit button label.<\/li> <li>Fixed: Line breaks not correctly displayed on front-end with Form Locker messages (form settings).<\/li> <li>Fixed: The scheduling feature does not work with some custom date formats.<\/li> <li>Fixed: Unique Answer feature does not work with complex Name fields.<\/li><\/ul>","<h4>1.2.2 (2020-03-03)<\/h4><ul> <li>Changed: Improved time delta detection in the Scheduling section.<\/li><\/ul>","<h4>1.2.1 (2020-01-09)<\/h4><ul> <li>Fixed: Minor layout issues of the 'clear' button in the Scheduling section.<\/li><\/ul>","<h4>1.2.0 (2019-07-23)<\/h4><ul> <li>Added: Complete translations for French and Portuguese (Brazilian).<\/li> <li>Changed: Form Locker Scheduling UI improvements.<\/li><\/ul>","<h4>1.1.1 (2019-02-08)<\/h4><ul> <li>Fixed: Typos, grammar, and other i18n related issues.<\/li><\/ul>","<h4>1.1.0 (2019-02-06)<\/h4><ul> <li>Added: Complete translations for Spanish, Italian, Japanese, and German.<\/li> <li>Fixed: Typos, grammar, and other i18n related issues.<\/li><\/ul>","<h4>1.0.0 (2018-11-12)<\/h4><ul> <li>Fixed: PHP fatal error if using PHP 5.4.<\/li> <li>Fixed: Conflict with multiple password-protected forms on the same page.<\/li><\/ul>","<h4>1.0.0 (2018-10-09)<\/h4><ul> <li>Initial release.<\/li><\/ul>"],"required_versions":{"wp":"5.2","php":"5.6","wpforms":"1.7.5"},"form_builder":{"category":["settings"]},"settings_integrations":{"category":[],"featured":false},"icon":"addon-icon-form-locker.png"},"wpforms-form-pages":{"title":"Form Pages Addon","slug":"wpforms-form-pages","url":"https:\/\/wpforms.com\/addons\/form-pages-addon\/","version":"1.5.0","image":"https:\/\/wpforms.com\/wp-content\/uploads\/2019\/01\/addon-icon-form-pages.png","video":"https:\/\/www.youtube.com\/embed\/mUGYPlAgJPw","excerpt":"Want to improve your form conversions? WPForms Form Pages addon allows you to create completely custom \"distraction-free\" form landing pages to boost conversions (without writing any code).","doc":"https:\/\/wpforms.com\/docs\/how-to-install-and-use-the-form-pages-addon\/","id":362485,"license":["pro","agency","ultimate","elite"],"category":["settings"],"changelog":["<h4>1.5.0 (2022-05-26)<\/h4><ul> <li>IMPORTANT: Support for PHP 5.5 has been discontinued. If you are running PHP 5.5, you MUST upgrade PHP before installing the new WPForms Form Pages. Failure to do that will disable the WPForms Form Pages plugin.<\/li> <li>Added: Compatibility with WPForms 1.6.8 and the updated Form Builder.<\/li> <li>Added: New filter <code>wpforms_form_pages_frontend_handle_request_form_data<\/code> that can be used to improve multi-language support.<\/li><\/ul>","<h4>1.4.1 (2020-11-16)<\/h4><ul> <li>Fixed: Display a form name instead of a form page title when using <code>{form_name}<\/code> smart tag inside the Message section.<\/li><\/ul>","<h4>1.4.0 (2020-08-05)<\/h4><ul> <li>Added:\u00a0Show a notice if permalinks are not configured.<\/li> <li>Changed: Page Title tag and meta tags should always use Form Pages Title if set.<\/li> <li>Changed: oEmbed links are removed from the Form Page HTML.<\/li><\/ul>","<h4>1.3.1 (2020-02-18)<\/h4><ul> <li>Fixed: Datepicker is not working for \"Date\/Time\" field.<\/li><\/ul>","<h4>1.3.0 (2020-01-09)<\/h4><ul> <li>Added: Meta tag 'robots' with filterable <code>noindex,nofollow<\/code> value for all Form Pages.<\/li> <li>Fixed: Popup Maker popup content displays in Form Pages.<\/li><\/ul>","<h4>1.2.1 (2019-11-07)<\/h4><ul> <li>Fixed: \"error404\" body class may appear if the custom permalink structure is used.<\/li> <li>Fixed: Form preview buttons open two tabs in the Edge browser.<\/li> <li>Fixed: \"Cannot read property 'addEventListener' of null\" JS error on form creation.<\/li><\/ul>","<h4>1.2.0 (2019-10-14)<\/h4><ul> <li>Added: Hexcode option to the color picker.<\/li><\/ul>","<h4>1.1.0 (2019-07-23)<\/h4><ul> <li>Added: Complete translations for Spanish, Italian, Japanese, German, French and Portuguese (Brazilian).<\/li> <li>Fixed: Some themes override Form Page's templates.<\/li><\/ul>","<h4>1.0.2 (2019-02-21)<\/h4><ul> <li>Added: Compatibility with Conversational Forms addon.<\/li> <li>Fixed: Typos, grammar, and other i18n related issues.<\/li> <li>Fixed: CSS enqueues filtering includes parents of the child themes.<\/li><\/ul>","<h4>1.0.1 (2019-02-06)<\/h4><ul> <li>Fixed: Missing <code>title<\/code> tag.<\/li> <li>Fixed: Compatibility issue with Yoast SEO.<\/li><\/ul>","<h4>1.0.0 (2019-01-22)<\/h4><ul> <li>Initial release.<\/li><\/ul>"],"required_versions":{"wp":"5.2","php":"5.6","wpforms":""},"form_builder":{"category":["settings"]},"settings_integrations":{"category":[],"featured":false},"icon":"addon-icon-form-pages.png"},"wpforms-geolocation":{"title":"Geolocation Addon","slug":"wpforms-geolocation","url":"https:\/\/wpforms.com\/addons\/geolocation-addon\/","version":"2.3.0","image":"https:\/\/wpforms.com\/wp-content\/uploads\/2016\/08\/addon-icon-geolocation.png","video":"https:\/\/www.youtube.com\/embed\/Jrj0zTPC9u4","excerpt":"The WPForms Geolocation addon allows you to store your visitors' geolocation data with their form submission. You can also turn on address autocomplete to make forms easier to fill out.","doc":"https:\/\/wpforms.com\/docs\/how-to-install-and-use-the-geolocation-addon-with-wpforms\/","id":7501,"license":["pro","agency","ultimate","elite"],"category":[],"changelog":["<h4>2.3.0 (2022-07-05)<\/h4><ul> <li>IMPORTANT: Algolia Places has been discontinued by Algolia. All Algolia functionality in the addon has been deprecated and removed.<\/li> <li>Added: New Places Provider - Mapbox.<\/li> <li>Added: Preview area on the Settings &gt; Geolocation admin page.<\/li> <li>Added: New filters to change the map appearance and location sources.<\/li> <li>Changed: Increased minimum WPForms supported version to 1.7.5.<\/li> <li>Changed: Browser no longer automatically completes the Text field if Address Autocomplete is enabled.<\/li> <li>Changed: Improved detection of the user's current location.<\/li> <li>Changed: In the address and text field search, users can now hit the Enter key to select an address.<\/li> <li>Fixed: Map styling inside the Full Site Editor in WordPress 6.0.<\/li> <li>Fixed: Geolocation coordinates were incorrect for Address Autocomplete with a custom scheme.<\/li> <li>Fixed: Address autocomplete didn't fill in the Address &gt; City subfield.<\/li> <li>Fixed: <code>{entry_geolocation}<\/code> smart tag works in Confirmation messages.<\/li> <li>Fixed: Compatibility with the Conversational Forms addon has been improved.<\/li><\/ul>","<h4>2.2.0 (2022-05-11)<\/h4><ul> <li>IMPORTANT: Algolia Places has been discontinued by Algolia. If you are using it you need to switch to Google Places to prevent disruptions in form geolocation features.<\/li> <li>Added: New filter <code>wpforms_geolocation_places_providers_google_places_query_args<\/code> that can be used to improve multi-language support.<\/li> <li>Fixed: Users geolocation detection on the Entry page was working incorrectly with KeyCDN API.<\/li><\/ul>","<h4>2.1.0 (2022-03-16)<\/h4><ul> <li>Added: Compatibility with WPForms 1.6.8 and the updated Form Builder.<\/li> <li>Added: Compatibility with WPForms 1.7.3 and Form Revisions.<\/li> <li>Changed: Minimum WPForms version supported is 1.6.7.1.<\/li> <li>Fixed: Address field filling.<\/li> <li>Fixed: Value with mask is not saved in a Text field when Address Autocomplete is enabled.<\/li> <li>Fixed: Various typos reported by translators.<\/li><\/ul>","<h4>2.0.0 (2021-02-18)<\/h4><ul> <li>Added: New Places Providers selection: Google Places, Algolia Places.<\/li> <li>Added: Address and Text fields can have address autocomplete enabled on typing.<\/li> <li>Added: Display a map before or after the field to select a location on a map without typing.<\/li> <li>Added: Retrieve user's current location with a browser prompt and prefill address\/text fields with address autocomplete enabled.<\/li> <li>Added: Added own WPForms geolocation API endpoint to retrieve user's geolocation based on their IP address.<\/li> <li>Changed: Removed map image preview from email notifications due to Google API restrictions.<\/li> <li>Fixed: Geolocation: display and save only existing data (sometimes ZIP code may be missing).<\/li><\/ul>","<h4>1.2.0 (2018-07-23)<\/h4><ul> <li>Added: Complete translations for French and Portuguese (Brazilian).<\/li><\/ul>","<h4>1.1.1 (2019-02-26)<\/h4><ul> <li>Fixed: Geolocation provider fallback logic.<\/li> <li>Fixed: Referencing geolocation providers no longer accessible.<\/li><\/ul>","<h4>1.1.0 (2019-02-06)<\/h4><ul> <li>Added: Complete translations for Spanish, Italian, Japanese, and German.<\/li> <li>Fixed: Typos, grammar, and other i18n related issues.<\/li><\/ul>","<h4>1.0.1 (2016-08-04)<\/h4><ul> <li>Fixed: Bug preventing IP addresses from processing<\/li><\/ul>","<h4>1.0.0 (2016-08-03)<\/h4><ul> <li>Initial release.<\/li><\/ul>"],"required_versions":{"wp":"5.2","php":"5.6","wpforms":"1.7.5"},"form_builder":{"category":[]},"settings_integrations":{"category":[],"featured":false},"icon":"addon-icon-geolocation.png"},"wpforms-getresponse":{"title":"GetResponse Addon","slug":"wpforms-getresponse","url":"https:\/\/wpforms.com\/addons\/getresponse-addon\/","version":"1.5.0","image":"https:\/\/wpforms.com\/wp-content\/uploads\/2016\/04\/addon-icons-getresponse-1.png","video":"https:\/\/www.youtube.com\/embed\/FlQfdERNMUM","excerpt":"The WPForms GetResponse addon allows you to create GetResponse newsletter signup forms in WordPress, so you can grow your email list. ","doc":"https:\/\/wpforms.com\/docs\/how-to-install-and-use-getresponse-addon-with-wpforms\/","id":2565,"license":["plus","pro","agency","ultimate","elite"],"category":["providers"],"changelog":["<h4>1.5.0 (2022-05-26)<\/h4><ul> <li>IMPORTANT: Support for PHP 5.5 has been discontinued. If you are running PHP 5.5, you MUST upgrade PHP before installing the new WPForms GetResponse and WPForms 1.7.3 (that the addon is relying on). Failure to do that will disable the WPForms GetResponse plugin.<\/li> <li>IMPORTANT: Support for WordPress 5.1 has been discontinued. If you are running WordPress 5.1, you MUST upgrade WordPress before installing the new WPForms GetResponse. Failure to do that will disable the new WPForms GetResponse functionality.<\/li> <li>Added: Compatibility with WPForms 1.6.8 and the updated Form Builder.<\/li> <li>Changed: Minimum WPForms version supported is 1.7.3.<\/li> <li>Fixed: Compatibility with WordPress Multisite installations.<\/li> <li>Fixed: Properly handle the situation when trying to change the template for the same form multiple times.<\/li> <li>Fixed: Send to GetResponse form submission data even when the \"Entry storage\" option is disabled in the Form Builder.<\/li><\/ul>","<h4>1.4.0 (2021-03-31)<\/h4><ul> <li>Added: Send a subscriber IP address to GetResponse if GDPR options configured to allow that.<\/li><\/ul>","<h4>1.3.0 (2020-12-10)<\/h4><ul> <li>IMPORTANT:\u00a0Support for PHP 5.4 and below has been discontinued. If you are running anything older than PHP 5.5, you MUST upgrade PHP before installing the WPForms GetResponse. Failure to do that will disable addon functionality.<\/li> <li>Added: Updated GetResponse API from v2 to v3.<\/li> <li>Added:\u00a0Ability to update subscribers with data from the form submission.<\/li> <li>Added:\u00a0Ability to add tags to subscribers.<\/li> <li>Added:\u00a0Ability to define the \"Day of Cycle\" - Autoresponder day.<\/li> <li>Added:\u00a0Ability to set custom fields in GetResponse using entry data.<\/li><\/ul>","<h4>1.2.0 (2018-07-23)<\/h4><ul> <li>Added: Complete translations for French and Portuguese (Brazilian).<\/li><\/ul>","<h4>1.1.0 (2019-02-06)<\/h4><ul> <li>Added: Complete translations for Spanish, Italian, Japanese, and German.<\/li> <li>Fixed: Typos, grammar, and other i18n related issues.<\/li><\/ul>","<h4>1.0.4 (2018-03-15)<\/h4><ul> <li>Fixed: Error when adding account from Settings &gt; Integrations tab.<\/li><\/ul>","<h4>1.0.3 (2017-03-09)<\/h4><ul> <li>Changed: Adjust display order so that the providers show in alphabetical order<\/li><\/ul>","<h4>1.0.2 (2016-07-07)<\/h4><ul> <li>Changed: Improved error logging<\/li><\/ul>","<h4>1.0.1 (2016-06-23)<\/h4><ul> <li>Changed: Prevent plugin from running if WPForms Pro is not activated<\/li><\/ul>","<h4>1.0.0 (2016-04-26)<\/h4><ul> <li>Initial release.<\/li><\/ul>"],"required_versions":{"wp":"5.2","php":"5.6","wpforms":""},"form_builder":{"category":["providers"]},"settings_integrations":{"category":["email-marketing"],"featured":false},"icon":"addon-icon-getresponse.png"},"wpforms-hubspot":{"title":"HubSpot Addon","slug":"wpforms-hubspot","url":"https:\/\/wpforms.com\/addons\/hubspot-addon\/","version":"1.0.0","image":"https:\/\/wpforms.com\/wp-content\/uploads\/2022\/03\/addon-icon-hubspot.png","video":"https:\/\/www.youtube.com\/embed\/6JlIGkF4aYE","excerpt":"The WPForms HubSpot addon lets you send leads from WordPress directly to your HubSpot CRM.","doc":"https:\/\/wpforms.com\/docs\/how-to-install-and-use-the-hubspot-addon-in-wpforms\/","id":1846183,"license":["agency","ultimate","elite"],"category":["providers"],"changelog":["<h4>1.0.0 (2022-03-10)<\/h4><ul><li>Initial release.<\/li><\/ul>"],"required_versions":{"wp":"5.2","php":"5.6","wpforms":""},"form_builder":{"category":["providers"]},"settings_integrations":{"category":["crm","email-marketing"],"featured":false},"icon":"addon-icon-hubspot.png"},"wpforms-mailchimp":{"title":"Mailchimp Addon","slug":"wpforms-mailchimp","url":"https:\/\/wpforms.com\/addons\/mailchimp-addon\/","version":"2.1.1","image":"https:\/\/wpforms.com\/wp-content\/uploads\/2016\/02\/addon-icon-mailchimp-1.png","video":"https:\/\/www.youtube.com\/embed\/snuTFDyoZzY","excerpt":"The WPForms Mailchimp addon allows you to create Mailchimp newsletter signup forms in WordPress, so you can grow your email list. ","doc":"https:\/\/wpforms.com\/docs\/install-use-mailchimp-addon-wpforms\/","id":153,"license":["plus","pro","agency","ultimate","elite"],"category":["providers"],"changelog":["<h4>2.1.1 (2021-09-07)<\/h4><ul> <li>Fixed: Compatibility with WordPress Multisite installs.<\/li> <li>Fixed: Compatibility with WPForms 1.6.8 and the updated Form Builder.<\/li><\/ul>","<h4>2.1.0 (2021-04-08)<\/h4><ul> <li>Added: Ability to define which tags you wish to remove from contact when updating an existing one in your Audience.<\/li> <li>Added: New option in the form Mailchimp settings to notify users when they are already subscribed.<\/li> <li>Changed: Send the note to Mailchimp when the contact is updated because of the \"Update the profile\" option enabled.<\/li> <li>Fixed: Send to Mailchimp form submission data even when the \"Entry storage\" option is disabled in the Form Builder.<\/li> <li>Fixed: Properly handle the situation when trying to change the template for the same form multiple times.<\/li><\/ul>","<h4>2.0.0 (2021-03-16)<\/h4><ul> <li>Added: New actions: unsubscribe, archive, delete, record event.<\/li> <li>Added: Assign existing or new tags to subscribers.<\/li> <li>Added: Add a note to subscribers (with support of Smart Tags).<\/li> <li>Added: Mark subscribers as VIP.<\/li> <li>Added: Update subscribers' information on Mailchimp if they already exist in your Audience.<\/li> <li>Added: Map form field values to any Mailchimp custom fields.<\/li> <li>Changed: Rename \"Lists\" to \"Audiences\".<\/li> <li>Changed:\u00a0Improved integration with Mailchimp groups (segments) of your Audience (inheriting their radio\/dropdown\/checkbox multiple selection status).<\/li> <li>Fixed: Convert form field values properly when sending data to Mailchimp.<\/li><\/ul>","<h4>1.4.2 (2020-03-03)<\/h4><ul> <li>Changed: Make the addon consistent with the updated Mailchimp branding (MailChimp to Mailchimp).<\/li> <li>Fixed: Simultaneous change of Date format and Datepicker type in \"Date\/Time\" field may produce an error on Mailchimp form submission.<\/li><\/ul>","<h4>1.4.1 (2020-01-09)<\/h4><ul> <li>Changed: Upgraded the Mailchimp library version to v2.5.4.<\/li><\/ul>","<h4>1.4.0 (2019-07-23)<\/h4><ul> <li>Added: Complete translations for French and Portuguese (Brazilian).<\/li><\/ul>","<h4>1.3.0 (2019-02-06)<\/h4><ul> <li>Added: Complete translations for Spanish, Italian, Japanese, and German.<\/li> <li>Fixed: Typos, grammar, and other i18n related issues.<\/li><\/ul>","<h4>1.2.0 (2017-12-04)<\/h4><ul> <li>Changed: Birthday field special integration rules.<\/li> <li>Changed: Improved localization support and translatable strings.<\/li> <li>Changed: Update Mailchimp PHP library (2.4).<\/li><\/ul>","<h4>1.1.1 (2017-03-30)<\/h4><ul> <li>Fixed: Issue for some users connecting v3 accounts<\/li><\/ul>","<h4>1.1.0 (2017-03-30)<\/h4><ul> <li>Added: Mailchimp API version 3 support<\/li> <li>Changed: Mailchimp API version 2 support has been deprecated, please reconnect forms using the new version 3<\/li><\/ul>","<h4>1.0.6 (2017-03-09)<\/h4><ul> <li>Changed: Adjust display order so that the providers show in alphabetical order<\/li><\/ul>","<h4>1.0.5 (2016-10-24)<\/h4><ul> <li>Changed: Namespaced Mailchimp PHP classes to prevent conflicts<\/li><\/ul>","<h4>1.0.4 (2016-07-07)<\/h4><ul> <li>Changed: Improved error logging<\/li><\/ul>","<h4>1.0.3 (2016-06-23)<\/h4><ul> <li>Changed: Prevent plugin from running if WPForms Pro is not activated<\/li> <li>Changed: Corrected AWeber capitilization inside form builder<\/li> <li><\/li><\/ul>","<h4>1.0.2 (2016-05-30)<\/h4><ul> <li>Changed: Disable SSL verify which causes issues with some web hosts<\/li><\/ul>","<h4>1.0.1 (2016-04-12)<\/h4><ul> <li>Changed: Improved error logging<\/li><\/ul>","<h4>1.0.0 (2016-03-11)<\/h4><ul> <li>Initial release.<\/li><\/ul>"],"required_versions":{"wp":"5.2","php":"5.6","wpforms":""},"form_builder":{"category":["providers"]},"settings_integrations":{"category":["email-marketing"],"featured":false},"icon":"addon-icon-mailchimp.png"},"wpforms-mailerlite":{"title":"MailerLite Addon","slug":"wpforms-mailerlite","url":"https:\/\/wpforms.com\/addons\/mailerlite-addon\/","version":"1.0.0","image":"https:\/\/wpforms.com\/wp-content\/uploads\/2022\/05\/icon-provider-mailerlite.png","video":"https:\/\/www.youtube.com\/embed\/XP6rMjiCzes","excerpt":"The WPForms MailerLite addon makes it easy to send contacts from your WordPress forms to your MailerLite Groups.","doc":"https:\/\/wpforms.com\/docs\/install-use-mailerlite-addon-wpforms\/","id":1993604,"license":["plus","pro","agency","ultimate","elite"],"category":["providers"],"changelog":["<h4>1.0.0 (2022-05-31)<\/h4><ul><li>Initial release.<\/li><\/ul>"],"required_versions":{"wp":"5.2","php":"5.6","wpforms":"1.7.3"},"form_builder":{"category":["providers"]},"settings_integrations":{"category":["email-marketing"],"featured":false},"icon":"addon-icon-mailerlite.png"},"wpforms-offline-forms":{"title":"Offline Forms Addon","slug":"wpforms-offline-forms","url":"https:\/\/wpforms.com\/addons\/offline-forms-addon\/","version":"1.2.3","image":"https:\/\/wpforms.com\/wp-content\/uploads\/2017\/09\/addon-offline-forms.png","video":"https:\/\/www.youtube.com\/embed\/GH_6PQ-hdxw","excerpt":"Never lose leads or data again. Offline Forms addon allows your users to save their entered data offline and submit when their internet connection is restored.","doc":"https:\/\/wpforms.com\/docs\/how-to-install-and-set-up-the-offline-forms-addon\/","id":85564,"license":["pro","agency","ultimate","elite"],"category":["settings"],"changelog":["<h4>1.2.3 (2021-09-28)<\/h4><ul> <li>Added: Compatibility with WPForms 1.6.8+ and the updated Form Builder.<\/li> <li>Changed: Improved compatibility with jQuery 3.5 and no jQuery Migrate plugin.<\/li> <li>Fixed: Broken Modern Dropdown field value restoration.<\/li><\/ul>","<h4>1.2.2 (2020-08-05)<\/h4><ul> <li>Fixed: Improved wording in the user-facing text displayed when a browser went offline.<\/li><\/ul>","<h4>1.2.1 (2020-01-09)<\/h4><ul> <li>Fixed: Prevent multiple form submissions when Offline forms functionality enabled.<\/li><\/ul>","<h4>1.2.0 (2019-07-23)<\/h4><ul> <li>Added: Complete translations for French and Portuguese (Brazilian).<\/li><\/ul>","<h4>1.1.0 (2019-02-06)<\/h4><ul> <li>Added: Complete translations for Spanish, Italian, Japanese, and German.<\/li> <li>Fixed: Typos, grammar, and other i18n related issues.<\/li><\/ul>","<h4>1.0.0 (2017-09-27)<\/h4><ul> <li>Initial release.<\/li><\/ul>"],"required_versions":{"wp":"5.2","php":"5.6","wpforms":""},"form_builder":{"category":["settings"]},"settings_integrations":{"category":[],"featured":false},"icon":"addon-icon-offline-forms.png"},"wpforms-paypal-standard":{"title":"PayPal Standard Addon","slug":"wpforms-paypal-standard","url":"https:\/\/wpforms.com\/addons\/paypal-standard-addon\/","version":"1.4.0","image":"https:\/\/wpforms.com\/wp-content\/uploads\/2016\/02\/addon-icon-paypal.png","video":"https:\/\/www.youtube.com\/embed\/PweY7w28dWo","excerpt":"The WPForms PayPal addon allows you to connect your WordPress site with PayPal to easily collect payments, donations, and online orders.","doc":"https:\/\/wpforms.com\/docs\/install-use-paypal-addon-wpforms\/","id":155,"license":["pro","agency","ultimate","elite"],"category":["payments"],"changelog":["<h4>1.4.0 (2021-03-31)<\/h4><ul> <li>Added: Email Notifications option to limit to completed payments only.<\/li><\/ul>","<h4>1.3.4 (2020-08-05)<\/h4><ul> <li>Fixed: Instruct PayPal to not ask for a shipping address when the \"Don't ask for an address\" option is checked.<\/li><\/ul>","<h4>1.3.3 (2020-01-15)<\/h4><ul> <li>Fixed: Payment status remains 'Pending' despite PayPal payment completing successfully.<\/li><\/ul>","<h4>1.3.2 (2020-01-09)<\/h4><ul> <li>Fixed: PHP Warning because of incorrect no shipping and no note processing.<\/li> <li>Changed: Selected choices of the 'Payment checkbox' field are now included in the PayPal payment title.<\/li><\/ul>","<h4>1.3.1 (2019-09-17)<\/h4><ul> <li>Fixed: Paypal redirects with Ajax-enabled payment forms.<\/li><\/ul>","<h4>1.3.0 (2019-07-23)<\/h4><ul> <li>Added: Complete translations for French and Portuguese (Brazilian).<\/li><\/ul>","<h4>1.2.0 (2019-02-06)<\/h4><ul> <li>Added: Complete translations for Spanish, Italian, Japanese, and German.<\/li> <li>Fixed: Typos, grammar, and other i18n related issues.<\/li><\/ul>","<h4>1.1.2 (2018-11-12)<\/h4><ul> <li>Fixed: Processing empty payments.<\/li><\/ul>","<h4>1.1.1 (2018-03-15)<\/h4><ul> <li>Changed: IPN callback URLs to new URLs PayPal recommends (previous ones are being deprecated\/removed).<\/li> <li>Changed: Processing hook order (decreased priority) to avoid conflicts with the User Registration addon.<\/li><\/ul>","<h4>1.1.0 (2017-09-27)<\/h4><ul> <li>Added: Donation payments include a description from payment items.<\/li> <li>Changed: All HTTP requests now validate target sites SSL certificates with WP bundled certificates (since 3.7).<\/li> <li>Fixed: Email validation issue by converting all email addresses to lowercase first.<\/li><\/ul>","<h4>1.0.9 (2017-01-17)<\/h4><ul> <li>Added: New hook for completed transactions, <code>wpforms_paypal_standard_process_complete<\/code>.<\/li><\/ul>","<h4>1.0.8 (2016-12-08)<\/h4><ul> <li>Added: Support for Dropdown Items payment field.<\/li><\/ul>","<h4>1.0.7 (2016-08-25)<\/h4><ul> <li>Added: Expanded support for additional currencies.<\/li> <li>Changed: Removed setting to disable IPN verification.<\/li> <li>Changed: Improved IPN verification.<\/li> <li>Fixed: Localization issues\/bugs.<\/li><\/ul>","<h4>1.0.6 (2016-08-04)<\/h4><ul> <li>Changed: Multiple payment items now also include labels of selected choices in the item descriptions.<\/li> <li>Changed: PayPal BN code.<\/li><\/ul>","<h4>1.0.5 (2016-07-07)<\/h4><ul> <li>Added: Conditional logic for payments.<\/li> <li>Changed: Improved error logging.<\/li><\/ul>","<h4>1.0.4 (2016-06-23)<\/h4><ul> <li>Changed: Prevent plugin from running if WPForms Pro is not activated.<\/li><\/ul>","<h4>1.0.3 (2016-03-28)<\/h4><ul> <li>Changed: IPN setting has been moved to the new \"Payments\" settings tab.<\/li><\/ul>","<h4>1.0.2 (2016-03-16)<\/h4><ul> <li>Fixed: Issue with donation transaction types.<\/li><\/ul>","<h4>1.0.1 (2016-03-16)<\/h4><ul> <li>Fixed: Issue posting to PayPal due to incorrect URL.<\/li><\/ul>","<h4>1.0.0 (2016-03-11)<\/h4><ul> <li>Initial release.<\/li><\/ul>"],"required_versions":{"wp":"5.2","php":"5.6","wpforms":""},"form_builder":{"category":["payments"]},"settings_integrations":{"category":["payment"],"featured":false},"icon":"addon-icon-paypal-standard.png"},"wpforms-post-submissions":{"title":"Post Submissions Addon","slug":"wpforms-post-submissions","url":"https:\/\/wpforms.com\/addons\/post-submissions-addon\/","version":"1.4.0","image":"https:\/\/wpforms.com\/wp-content\/uploads\/2016\/10\/addon-icon-post-submissions.png","video":"https:\/\/www.youtube.com\/embed\/BKQWlavyK9M","excerpt":"The WPForms Post Submissions addon makes it easy to have user-submitted content in WordPress. This front-end post submission form allow your users to submit blog posts without logging into the admin area.","doc":"https:\/\/wpforms.com\/docs\/how-to-install-and-use-the-post-submissions-addon-in-wpforms\/","id":11793,"license":["pro","agency","ultimate","elite"],"category":["settings"],"changelog":["<h4>1.4.0 (2022-05-26)<\/h4><ul> <li>Added: Compatibility with WPForms 1.6.8 and the updated Form Builder.<\/li> <li>Added: Compatibility with the Rich Text field.<\/li> <li>Changed: Improved compatibility with jQuery 3.5 and no jQuery Migrate plugin.<\/li> <li>Changed: Show settings in the Form Builder only if they are enabled.<\/li> <li>Changed: Show a modal in the Form Builder about available additional options only once.<\/li> <li>Fixed: <code>0<\/code> values were not allowed to save as custom post meta.<\/li> <li>Fixed: Images added as Post Featured Images didn't have titles.<\/li> <li>Fixed: Events Calendar plugin compatibility: start\/end times had incorrect timezone.<\/li><\/ul>","<h4>1.3.2 (2020-12-17)<\/h4><ul> <li>Fixed: Modern file upload processing when files were saved to the custom post meta table.<\/li><\/ul>","<h4>1.3.1 (2020-08-05)<\/h4><ul> <li>Fixed: Modern file upload is not compatible with the ACF File field when used in custom post meta.<\/li><\/ul>","<h4>1.3.0 (2020-01-15)<\/h4><ul> <li>Added: Access Controls compatibility (WPForms 1.5.8).<\/li><\/ul>","<h4>1.2.1 (2019-11-07)<\/h4><ul> <li>Fixed: Compatibility with modern file uploader (WPForms 1.5.6) for featured image.<\/li><\/ul>","<h4>1.2.0 (2019-07-23)<\/h4><ul> <li>Added: Complete translations for French and Portuguese (Brazilian).<\/li><\/ul>","<h4>1.1.1 (2019-02-26)<\/h4><ul> <li>Fixed: Post submission featured image not showing up as \"Featured Image\" in WordPress post type.<\/li> <li>Fixed: Post submission featured image thumbnail not displayed in WordPress Media Library.<\/li> <li>Fixed: Post can be submitted without an author (now falls back to form author).<\/li><\/ul>","<h4>1.1.0 (2019-02-06)<\/h4><ul> <li>Added: Complete translations for Spanish, Italian, Japanese, and German.<\/li> <li>Fixed: Typos, grammar, and other i18n related issues.<\/li><\/ul>","<h4>1.0.4 (2017-08-21)<\/h4><ul> <li>Changed: Template uses new `core` property so it displays with other core templates<\/li><\/ul>","<h4>1.0.3 (2017-03-09)<\/h4><ul> <li>Added: Improved integration for storing The Events Calendar post meta<\/li><\/ul>","<h4>1.0.2 (2017-02-23)<\/h4><ul> <li>Fixed: Capitalized letters not being allowed in custom post meta keys<\/li><\/ul>","<h4>1.0.1 (2017-01-17)<\/h4><ul> <li>Fixed: Possible error if custom meta fields were setup but incomplete<\/li><\/ul>","<h4>1.0.0 (2016-10-05)<\/h4><ul> <li>Initial release.<\/li><\/ul>"],"required_versions":{"wp":"5.2","php":"5.6","wpforms":""},"form_builder":{"category":["settings"]},"settings_integrations":{"category":[],"featured":false},"icon":"addon-icon-post-submissions.png"},"wpforms-salesforce":{"title":"Salesforce Addon","slug":"wpforms-salesforce","url":"https:\/\/wpforms.com\/addons\/salesforce-addon\/","version":"1.1.0","image":"https:\/\/wpforms.com\/wp-content\/uploads\/2020\/09\/addon-icon-salesforce.png","video":"https:\/\/www.youtube.com\/embed\/E3eXjtceV8c","excerpt":"The WPForms Salesforce addon allows you to easily send your WordPress form contacts and leads to your Salesforce CRM account.","doc":"https:\/\/wpforms.com\/docs\/how-to-install-and-use-the-salesforce-addon-with-wpforms\/","id":1006060,"license":["agency","ultimate","elite"],"category":["providers"],"changelog":["<h4>1.1.0 (2022-05-26)<\/h4><ul> <li>IMPORTANT: Support for WordPress 5.1 has been discontinued. If you are running WordPress 5.1, you MUST upgrade WordPress before installing the new WPForms Salesforce. Failure to do that will disable the new WPForms Salesforce functionality.<\/li> <li>Added: Compatibility with WPForms 1.6.7 and the updated Form Builder in 1.6.8.<\/li> <li>Changed: Minimum WPForms version supported is 1.7.3.<\/li> <li>Fixed: Compatibility with WordPress Multisite installations.<\/li> <li>Fixed: Properly handle the situation when trying to change the template for the same form multiple times.<\/li> <li>Fixed: Send to Salesforce form submission data even when the \"Entry storage\" option is disabled in the Form Builder.<\/li> <li>Fixed: Various typos in the translatable strings reported by translators.<\/li><\/ul>","<h4>1.0.3 (2020-12-24)<\/h4><ul> <li>Fixed: Incorrectly formatted mapped entry data values before sending them to Salesforce (<code>Cannot deserialize instance of *field_type*<\/code> error).<\/li><\/ul>","<h4>1.0.2 (2020-12-10)<\/h4><ul> <li>Fixed: Access token not always refreshing when expired.<\/li> <li>Fixed: Entries not sending to Salesforce in some edge cases.<\/li><\/ul>","<h4>1.0.1 (2020-09-30)<\/h4><ul> <li>Fixed: Incorrect plugin build.<\/li><\/ul>","<h4>1.0.0 (2020-09-24)<\/h4><ul> <li>Initial release.<\/li><\/ul>"],"required_versions":{"wp":"5.2","php":"5.6","wpforms":""},"form_builder":{"category":["providers"]},"settings_integrations":{"category":["crm"],"featured":false},"icon":"addon-icon-salesforce.png"},"wpforms-save-resume":{"title":"Save and Resume Addon","slug":"wpforms-save-resume","url":"https:\/\/wpforms.com\/addons\/save-and-resume-addon\/","version":"1.1.0","image":"https:\/\/wpforms.com\/wp-content\/uploads\/2021\/10\/addon-icon-save-resume.png","video":"https:\/\/www.youtube.com\/embed\/9BnMRExqygs","excerpt":"The WPForms Save and Resume addon allows your visitors to save their progress while filling in your forms. When they're ready to continue, they can restore their entry with a click.","doc":"https:\/\/wpforms.com\/docs\/how-to-install-and-use-the-save-and-resume-addon-with-wpforms\/","id":1611341,"license":["pro","agency","ultimate","elite"],"category":["settings"],"changelog":["<h4>1.1.0 (2022-03-16)<\/h4><ul> <li>Added: Compatibility with WPForms 1.7.3 and Form Revisions.<\/li> <li>Added: Compatibility with WPForms 1.7.3 and search functionality on the Entries page.<\/li> <li>Changed: Minimum WPForms version supported is 1.7.3.<\/li><\/ul>","<h4>1.0.1 (2021-10-28)<\/h4><ul> <li>Fixed: Improved Paragraph field text formatting when restored from the saved partial entry.<\/li> <li>Fixed: Likert Scale field values haven't been restored when multiple responses are enabled.<\/li> <li>Fixed: Properly handle empty values for the Date \/ Time field and its Date Dropdown format.<\/li> <li>Fixed: Properly restore partial entries with dynamic and\/or multiple choices in checkboxes and dropdowns fields.<\/li><\/ul>","<h4>1.0.0 (2021-10-21)<\/h4><ul> <li>Initial release.<\/li><\/ul>"],"required_versions":{"wp":"5.2","php":"5.6","wpforms":""},"form_builder":{"category":["settings"]},"settings_integrations":{"category":[],"featured":false},"icon":"addon-icon-save-resume.png"},"wpforms-sendinblue":{"title":"Sendinblue Addon","slug":"wpforms-sendinblue","url":"https:\/\/wpforms.com\/addons\/sendinblue-addon\/","version":"1.0.0","image":"https:\/\/wpforms.com\/wp-content\/uploads\/2020\/12\/addon-icon.png","video":"https:\/\/www.youtube.com\/embed\/_iwSWL-g1AI","excerpt":"The WPForms Sendinblue addon helps you organize your leads, automate your marketing, and engage your subscribers.","doc":"https:\/\/wpforms.com\/docs\/how-to-install-and-use-the-sendinblue-addon-with-wpforms\/","id":1126732,"license":["plus","pro","agency","ultimate","elite"],"category":["providers"],"changelog":["<h4>1.0.0 (2020-12-17)","<h4><ul><li>Initial release.<\/li><\/ul>"],"required_versions":{"wp":"5.2","php":"5.6","wpforms":""},"form_builder":{"category":["providers"]},"settings_integrations":{"category":["email-marketing"],"featured":false},"icon":"addon-icon-sendinblue.png"},"wpforms-signatures":{"title":"Signature Addon","slug":"wpforms-signatures","url":"https:\/\/wpforms.com\/addons\/signature-addon\/","version":"1.5.0","image":"https:\/\/wpforms.com\/wp-content\/uploads\/2016\/10\/wordpress-signature-form-plugin.png","video":"https:\/\/www.youtube.com\/embed\/hqw0IshOP_8","excerpt":"The WPForms Signature addon makes it easy for users to sign your forms. This WordPress signature plugin will allow your users to sign contracts and other agreements with their mouse or touch screen.","doc":"https:\/\/wpforms.com\/docs\/how-to-install-and-use-the-signature-addon-in-wpforms\/","id":15383,"license":["pro","agency","ultimate","elite"],"category":[],"changelog":["<h4>1.5.0 (2022-05-26)<\/h4><ul> <li>Fixed: WordPress 6.0 compatibility: Signature field styling fixed inside the Full Site Editor.<\/li> <li>Fixed: Signature field was reset when a viewport size changed (Portrait\/Landscape).<\/li><\/ul>","<h4>1.4.0 (2022-03-16)<\/h4><ul> <li>Added: Compatibility with WPForms 1.6.8 and the updated Form Builder.<\/li> <li>Added: Compatibility with WPForms 1.7.3 and Form Revisions.<\/li> <li>Fixed: Signature canvas initialization when a form is used several times on a page.<\/li><\/ul>","<h4>1.3.1 (2020-12-17)<\/h4><ul> <li>Fixed: Signature not displaying in the form builder correctly when using \"Small\" format.<\/li><\/ul>","<h4>1.3.0 (2019-07-23)<\/h4><ul> <li>Added: Complete translations for French and Portuguese (Brazilian).<\/li> <li>Fixed: Signature canvas scaling issue on window resize.<\/li><\/ul>","<h4>1.2.0 (2019-02-06)<\/h4><ul> <li>Added: Complete translations for Spanish, Italian, Japanese, and German.<\/li> <li>Fixed: Typos, grammar, and other i18n related issues.<\/li><\/ul>","<h4>1.1.4 (2018-12-27)<\/h4><ul> <li>Changed: Signature field display priority in the form builder.<\/li><\/ul>","<h4>1.1.3 (2018-08-28)<\/h4><ul> <li>Added: Support for Gutenberg editor with WPForms version 1.4.8.<\/li><\/ul>","<h4>1.1.2 (2018-05-14)<\/h4><ul> <li>Fixed: Clear signature button display issues when using Base Styling only setting.<\/li><\/ul>","<h4>1.1.1 (2018-04-15)<\/h4><ul> <li>Fixed: Required signatures fields not validating when inside pagebreaks.<\/li><\/ul>","<h4>1.1.0 (2018-04-15)<\/h4><ul> <li>Added: Ink color field setting.<\/li> <li>Changed: Refactored addon and improved code.<\/li><\/ul>","<h4>1.0.4 (2017-08-01)<\/h4><ul> <li>Fixed: Signature reset when scrolling on some mobile devices<\/li><\/ul>","<h4>1.0.2 (2017-04-09)<\/h4><ul> <li>Fixed: CSS not correctly applying if using only Base styling<\/li><\/ul>","<h4>1.0.1 (2016-11-17)<\/h4><ul> <li>Changed: Signature is stored and created in an image file, instead of a data URI<\/li> <li>Fixed: Signatures not working when hidden on load (conditional logic, pagination)<\/li> <li>Fixed: Signatures not displaying in Gmail\/Google Apps<\/li><\/ul>","<h4>1.0.0 (2016-11-10)<\/h4><ul> <li>Initial release.<\/li><\/ul>"],"required_versions":{"wp":"5.2","php":"5.6","wpforms":""},"form_builder":{"category":[]},"settings_integrations":{"category":[],"featured":false},"icon":"addon-icon-signatures.png"},"wpforms-square":{"title":"Square Addon","slug":"wpforms-square","url":"https:\/\/wpforms.com\/addons\/square-addon\/","version":"1.1.0","image":"https:\/\/wpforms.com\/wp-content\/uploads\/2021\/09\/addon-icon-square.png","video":"https:\/\/www.youtube.com\/embed\/_ZE8416derw","excerpt":"The WPForms Square addon allows you to connect your WordPress site with Square to easily collect payments, donations, and online orders.","doc":"https:\/\/wpforms.com\/docs\/how-to-install-and-use-the-square-addon-with-wpforms\/","id":1548589,"license":["pro","agency","ultimate","elite"],"category":["payments"],"changelog":["<h4>1.1.0 (2022-03-16)<\/h4><ul> <li>Added: Compatibility with WPForms 1.7.3.<\/li> <li>Changed: Minimum WPForms version supported is 1.7.3.<\/li> <li>Fixed: Improved Performance of the Action Scheduler.<\/li><\/ul>","<h4>1.0.0 (2021-09-14)<\/h4><ul> <li>Initial release.<\/li><\/ul>"],"required_versions":{"wp":"5.2","php":"5.6","wpforms":""},"form_builder":{"category":["payments"]},"settings_integrations":{"category":["payment"],"featured":false},"icon":"addon-icon-square.png"},"wpforms-stripe":{"title":"Stripe Addon","slug":"wpforms-stripe","url":"https:\/\/wpforms.com\/addons\/stripe-addon\/","version":"2.5.0","image":"https:\/\/wpforms.com\/wp-content\/uploads\/2016\/03\/addon-icon-stripe-1.png","video":"https:\/\/www.youtube.com\/embed\/gbOKG8Quw1M","excerpt":"The WPForms Stripe addon allows you to connect your WordPress site with Stripe to easily collect payments, donations, and online orders.","doc":"https:\/\/wpforms.com\/docs\/how-to-install-and-use-the-stripe-addon-with-wpforms\/","id":1579,"license":["pro","agency","ultimate","elite"],"category":["payments"],"changelog":["<h4>2.5.0 (2021-03-31)<\/h4><ul> <li>Added: New \"Switch Accounts\" link in the addon settings to change the Stripe account used.<\/li> <li>Added: Filter to apply custom styles to a Credit Card field.<\/li> <li>Added: Email Notifications option to limit to completed payments only.<\/li> <li>Changed: Full object is now logged instead of just a message in case of a Stripe error.<\/li> <li>Changed: Upgrade Stripe PHP SDK to 7.72.0.<\/li> <li>Fixed: Edge case when a subscription email is still being required despite changing the payment to single by conditional logic.<\/li> <li>Fixed: Invalid characters in <code>font-family<\/code> added by external CSS rules may break the Credit Card field.<\/li> <li>Fixed: Stripe form with active Captcha fails to submit after Stripe 3DSecure validation.<\/li><\/ul>","<h4>2.4.3 (2020-12-17)<\/h4><ul> <li>Fixed: Stripe Live\/Test modal appears when clicking on any checkbox in WPForms settings while using jQuery 3.0.<\/li><\/ul>","<h4>2.4.2 (2020-09-02)<\/h4><ul> <li>Changed: Improved the error rate limiting by adding file-based rate-limiting log storage.<\/li><\/ul>","<h4>2.4.1 (2020-08-06)<\/h4><ul> <li>Fixed: Card field can be mistakenly processed as hidden under some conditional logic configurations.<\/li><\/ul>","<h4>2.4.0 (2020-08-05)<\/h4><ul> <li>Added: Stripe Elements locale can be set explicitly via the filter.<\/li> <li>Changed: Improved Stripe error handling during form processing.<\/li> <li>Fixed: Conditionally hidden Stripe field should not be processed on form submission.<\/li><\/ul>","<h4>2.3.4 (2020-04-30)<\/h4><ul> <li>Fixed: In some edge cases Stripe payment goes through without creating a form entry.<\/li><\/ul>","<h4>2.3.3 (2020-01-15)<\/h4><ul> <li>Fixed: Payment form entry details are not updated despite Stripe payment completing successfully.<\/li><\/ul>","<h4>2.3.2 (2020-01-09)<\/h4><ul> <li>Changed: Improved form builder messaging when Stripe plugin settings have no been configured.<\/li> <li>Changed: Improved messaging on Stripe plugin settings.<\/li><\/ul>","<h4>2.3.1 (2019-10-14)<\/h4><ul> <li>Fixed: PHP notice in WPForms settings if user has no Stripe forms.<\/li> <li>Fixed: Stripe Connect issues switching between Live\/Test mode.<\/li><\/ul>","<h4>2.3.0 (2019-09-18)<\/h4><ul> <li>Added: SCA support.<\/li> <li>Added: Stripe Elements.<\/li> <li>Added: Stripe Connect.<\/li> <li>Added: Rate limiting for failed payments.<\/li><\/ul>","<h4>2.2.0 (2019-07-23)<\/h4><ul> <li>Added: Complete translations for French and Portuguese (Brazilian).<\/li><\/ul>","<h4>2.1.2 (2019-03-11)<\/h4><ul> <li>Changed: Stripe API key settings display order, to follow Stripe documentation.<\/li><\/ul>","<h4>2.1.1 (2019-02-08)<\/h4><ul> <li>Fixed: Typos, grammar, and other i18n related issues.<\/li><\/ul>","<h4>2.1.0 (2019-02-06)<\/h4><ul> <li>Added: Complete translations for Spanish, Italian, Japanese, and German.<\/li> <li>Fixed: Typos, grammar, and other i18n related issues.<\/li><\/ul>","<h4>2.0.2 (2018-11-27)<\/h4><ul> <li>Added: Include addon information when connecting to Stripe API.<\/li><\/ul>","<h4>2.0.1 (2018-09-05)<\/h4><ul> <li>Fixed: Stripe API error<\/li><\/ul>","<h4>2.0.0 (2018-09-04)<\/h4><ul> <li>Important: The addon structure has been improved and refactored. If you are extending the plugin by accessing the class instance, an update to your code will be required before upgrading (use `wpforms_stripe()`).<\/li> <li>Added: Recurring subscription payments! ??<\/li> <li>Changed: Improved metadata sent with charge details.<\/li> <li>Removed: <code>wpforms_stripe_instance<\/code> function and <code>WPForms_Stripe::instance()<\/code>.<\/li><\/ul>","<h4>1.1.3 (2018-05-14)<\/h4><ul> <li>Changed: Enable Credit Card field when addon is activated; as of WPForms 1.4.6 the credit card field is now disabled\/hidden unless explicitly enabled.<\/li><\/ul>","<h4>1.1.2 (2018-04-05)<\/h4><ul> <li>Changed: Improved enforcement of Stripe processing with required credit card fields.<\/li><\/ul>","<h4>1.1.1 (2017-08-24)<\/h4><ul> <li>Changed: Remove JS functionality adopted in core plugin<\/li><\/ul>","<h4>1.1.0 (2017-08-01)<\/h4><ul> <li>Changed: Use settings API for WPForms v1.3.9.<\/li><\/ul>","<h4>1.0.9 (2017-06-13)<\/h4><ul> <li>Changed: Improved performance when checking for credit card fields in the form builder<\/li><\/ul>","<h4>1.0.8 (2017-03-30)<\/h4><ul> <li>Changed: Updated Stripe API PHP library<\/li> <li>Changed: Improved Stripe class instance accessibility<\/li><\/ul>","<h4>1.0.7 (2017-01-17)<\/h4><ul> <li>Changed: Check for charge object before firing transaction completed hook<\/li><\/ul>","<h4>1.0.6 (2016-12-08)<\/h4><ul> <li>Added: Support for Dropdown Items payment field<\/li> <li>Added: New action for completed transactions, <code>wpforms_stripe_process_complete<\/code><\/li> <li>Added: New filter stored credit card information, <code>wpforms_stripe_creditcard_value<\/code><\/li><\/ul>","<h4>1.0.5 (2016-10-07)<\/h4><ul> <li>Fixed: Javascript processing method to avoid conflicts with core duplicate submit prevention feature<\/li><\/ul>","<h4>1.0.4 (2016-08-25)<\/h4><ul> <li>Added: Expanded support for additional currencies<\/li> <li>Fixed: Localization issues\/bugs<\/li><\/ul>","<h4>1.0.3 (2016-07-07)<\/h4><ul> <li>Added: Conditional logic for payments<\/li> <li>Changed: Improved error logging<\/li><\/ul>","<h4>1.0.2 (2016-06-23)<\/h4><ul> <li>Changed: Prevent plugin from running if WPForms Pro is not activated<\/li><\/ul>","<h4>1.0.1 (2016-04-01)<\/h4><ul> <li>Fixed: PHP notices with some configurations<\/li><\/ul>","<h4>1.0.0 (2016-03-28)<\/h4><ul> <li>Initial release.<\/li><\/ul>"],"required_versions":{"wp":"5.2","php":"5.6","wpforms":""},"form_builder":{"category":["payments"]},"settings_integrations":{"category":["payment"],"featured":false},"icon":"addon-icon-stripe.png"},"wpforms-surveys-polls":{"title":"Surveys and Polls Addon","slug":"wpforms-surveys-polls","url":"https:\/\/wpforms.com\/addons\/surveys-and-polls-addon\/","version":"1.8.0","image":"https:\/\/wpforms.com\/wp-content\/uploads\/2018\/02\/addon-icons-surveys-polls.png","video":"https:\/\/www.youtube.com\/embed\/l3QSUJJSCPg","excerpt":"The WPForms Survey Addon allows you to add interactive polls and survey forms to your WordPress site. It comes with best-in-class reporting to help you make data-driven decisions.","doc":"https:\/\/wpforms.com\/docs\/how-to-install-and-use-the-surveys-and-polls-addon\/","id":148223,"license":["pro","agency","ultimate","elite"],"category":["settings"],"changelog":["<h4>1.8.0 (2022-05-26)<\/h4><ul> <li>Changed:\u00a0Minimum WPForms version supported is 1.7.4.2.<\/li> <li>Fixed: WordPress 6.0 compatibility: Likert Scale and Net Promoter Score fields styling fixed inside the Full Site Editor.<\/li> <li>Fixed: Improved compatibility with WordPress Multisite installations.<\/li> <li>Fixed: Survey results were shown even if a form was no longer available.<\/li><\/ul>","<h4>1.7.0 (2022-03-16)<\/h4><ul> <li>Added: Compatibility with WPForms 1.6.8 and the updated Form Builder.<\/li> <li>Added: Compatibility with WPForms 1.7.3 and Form Revisions.<\/li> <li>Added: Compatibility with WPForms 1.7.3 and search functionality on the Entries page.<\/li> <li>Changed: Minimum WPForms version supported is 1.7.3.<\/li> <li>Fixed: Incorrect styling of Likert Scale field with long labels.<\/li><\/ul>","<h4>1.6.4 (2021-03-31)<\/h4><ul> <li>Changed: Replaced <code>jQuery.ready()<\/code> function with recommended way since jQuery 3.0.<\/li> <li>Fixed: The \"Export Entries (CSV)\" link on the Survey Results page.<\/li><\/ul>","<h4>1.6.3 (2020-12-17)<\/h4><ul> <li>Poll results not displaying correctly with AJAX forms.<\/li> <li>Form scrolls to the top when clicking on the Likert Scale field option with some themes.<\/li> <li>Poll results incorrectly calculate a select field with multiple selections enabled.<\/li><\/ul>","<h4>1.6.2 (2020-08-05)<\/h4><ul> <li>Fixed: Survey report cache not always clearing when it should.<\/li><\/ul>","<h4>1.6.1 (2020-04-16)<\/h4><ul> <li>Fixed: Compatibility check for WPForms v1.6.0.1.<\/li><\/ul>","<h4>1.6.0 (2020-04-15)<\/h4><ul> <li>Added: Entry editing support for Net Promoter Score and Likert Scale fields.<\/li> <li>Fixed: Survey report image exports not containing white background color.<\/li><\/ul>","<h4>1.5.1 (2020-03-03)<\/h4><ul> <li>Changed: Compatibility with a new version of Choices.js library in WPForms core plugin.<\/li> <li>Fixed: Abandoned form entries increase survey \"skipped\" count.<\/li><\/ul>","<h4>1.5.0 (2020-01-09)<\/h4><ul> <li>Added: Support for Access Controls.<\/li> <li>Fixed: Improved messaging on Stripe plugin settings.<\/li> <li>Fixed: Properly display polls results votes count in a chart using `[wpforms_poll]` shortcode when there are thousands of replies.<\/li> <li>Fixed: Question numbering on single question print page.<\/li><\/ul>","<h4>1.4.0 (2019-07-23)<\/h4><ul> <li>Added: Complete translations for French and Portuguese (Brazilian).<\/li> <li>Added: Display alert when entry storage is disabled and polls are enabled.<\/li><\/ul>","<h4>1.3.2 (2019-02-26)<\/h4><ul> <li>Fixed: PHP notice when printing survey results.<\/li><\/ul>","<h4>1.3.1 (2019-02-08)<\/h4><ul> <li>Fixed: Typos, grammar, and other i18n related issues.<\/li><\/ul>","<h4>1.3.0 (2019-02-06)<\/h4><ul> <li>Added: Complete translations for Spanish, Italian, Japanese, and German.<\/li> <li>Fixed: Typos, grammar, and other i18n related issues.<\/li><\/ul>","<h4>1.2.2 (2018-12-27)<\/h4><ul> <li>Changed: Likert and NPS field display priority in the form builder.<\/li><\/ul>","<h4>1.2.1 (2018-10-19)<\/h4><ul> <li>Fixed: Typos with NPS form templates.<\/li><\/ul>","<h4>1.2.0 (2018-08-28)<\/h4><ul> <li>Added: Net Promoter Score survey form templates.<\/li><\/ul>","<h4>1.1.0 (2018-06-07)<\/h4><ul> <li>Added: Net Promoter Score field and reporting.<\/li> <li>Changed: Minor styling adjustments to Likert to improve theme compatibility.<\/li> <li>Fixed: Survey report print preview issue hiding empty fields.<\/li> <li>Fixed: Not Recognizing false poll shortcode attribute values<\/li><\/ul>","<h4>1.0.0 (2018-02-14)<\/h4><ul> <li>Initial release.<\/li><\/ul>"],"required_versions":{"wp":"5.2","php":"5.6","wpforms":""},"form_builder":{"category":["settings"]},"settings_integrations":{"category":[],"featured":false},"icon":"addon-icon-surveys-polls.png"},"wpforms-user-journey":{"title":"User Journey Addon","slug":"wpforms-user-journey","url":"https:\/\/wpforms.com\/addons\/user-journey-addon\/","version":"1.0.2","image":"https:\/\/wpforms.com\/wp-content\/uploads\/2020\/11\/addon-icon-user-journey.png","video":"https:\/\/www.youtube.com\/embed\/T3JdyERb4P4","excerpt":"Discover the steps your visitors take before they submit your forms. Right in the WordPress dashboard, you can easily see the content that\u2019s driving the most valuable form conversions.","doc":"https:\/\/wpforms.com\/docs\/how-to-install-and-use-the-user-journey-addon-in-wpforms\/","id":1071426,"license":["pro","agency","ultimate","elite"],"category":[],"changelog":["<h4>1.0.2 (2022-02-10)<\/h4><ul> <li>Changed: Improved compatibility with PHP 8.<\/li> <li>Fixed: Issue with JavaScript code on front-end in Internet Explorer 11.<\/li><\/ul>","<h4>1.0.1 (2021-03-31)<\/h4><ul> <li>Fixed: Issue with JavaScript code for collecting data in cookies in Safari v14.<\/li><\/ul>","<h4>1.0.0 (2020-11-12)<\/h4><ul> <li>Initial release.<\/li><\/ul>"],"required_versions":{"wp":"5.2","php":"5.6","wpforms":""},"form_builder":{"category":[]},"settings_integrations":{"category":[],"featured":false},"icon":"addon-icon-user-journey.png"},"wpforms-user-registration":{"title":"User Registration Addon","slug":"wpforms-user-registration","url":"https:\/\/wpforms.com\/addons\/user-registration-addon\/","version":"2.0.0","image":"https:\/\/wpforms.com\/wp-content\/uploads\/2016\/05\/addon-icon-user-registration-1.png","video":"https:\/\/www.youtube.com\/embed\/9HKw14QfSic","excerpt":"The WPForms User Registration addon lets you create custom user registration, password reset, and login forms for your website.","doc":"https:\/\/wpforms.com\/docs\/how-to-install-and-use-user-registration-addon-with-wpforms\/","id":3280,"license":["pro","agency","ultimate","elite"],"category":["settings"],"changelog":["<h4>2.0.0 (2021-12-09)<\/h4><ul> <li>Added: New Password Reset form template.<\/li> <li>Added: New smart tags.<\/li> <li>Added: Ability to hide a form if the user logged in.<\/li> <li>Added: Registration form: enable auto-login.<\/li> <li>Added: Registration form: editing for email notifications (subject and message body lines).<\/li> <li>Added: Registration form: user activation message when already activated.<\/li> <li>Added: Registration form: Conditional Logic support.<\/li> <li>Added: New option for site administrators to resend user activation email from the Users page.<\/li> <li>Added: Modern Email templates support.<\/li> <li>Added: Login Form template now has the option to enable \"remember me\" functionality.<\/li> <li>Added: Compatibility with WPForms 1.6.8 and the updated Form Builder.<\/li> <li>Changed: Registration functionality is available on any form.<\/li> <li>Changed: Improved compatibility with WPForms Post Submissions and payment addons.<\/li> <li>Changed: Improved compatibility with jQuery 3.5 and no jQuery Migrate plugin.<\/li> <li>Changed: Improved translations by removing confusion if non-translatable placeholders are used.<\/li> <li>Fixed: Sending registration emails to user\/admin.<\/li> <li>Fixed: Set an attachment author for files uploaded through a File Upload field.<\/li><\/ul>","<h4>1.3.3 (2020-12-17)<\/h4><ul> <li>Changed: Enable antispam protection by default for all newly created forms using the User Login Form template.<\/li> <li>Fixed: Edge case where user account would be created if late form error was registered via custom code or third-party plugin.<\/li><\/ul>","<h4>1.3.2 (2020-08-05)<\/h4><ul> <li>Fixed: New filter around user meta processing for advanced customizing.<\/li><\/ul>","<h4>1.3.1 (2020-03-03)<\/h4><ul> <li>Fixed: Incompatibility with Post Submissions addon.<\/li><\/ul>","<h4>1.3.0 (2019-07-23)<\/h4><ul> <li>Added: Complete translations for French and Portuguese (Brazilian).<\/li> <li>Fixed: Name field in Simple format does not pass data to user's profile.<\/li><\/ul>","<h4>1.2.0 (2019-02-06)<\/h4><ul> <li>Added: Complete translations for Spanish, Italian, Japanese, and German.<\/li> <li>Changed: Always show forms with Login template inside Gutenberg.<\/li> <li>Fixed: Typos, grammar, and other i18n related issues.<\/li> <li>Fixed: <code>nickname<\/code> user meta unable to be assigned after user registration..<\/li><\/ul>","<h4>1.1.2 (2018-12-20)<\/h4><ul> <li>Fixed: Remove functions deprecated in PHP 7.2.<\/li><\/ul>","<h4>1.1.1 (2018-11-12)<\/h4><ul> <li>Fixed: User account created when form contains errors.<\/li><\/ul>","<h4>1.1.0 (2018-05-14)<\/h4><ul> <li>Fixed: Typo in user activation email.<\/li><\/ul>","<h4>1.0.9 (2017-12-19)<\/h4><ul> <li>Fixed: Login form did not set proper cookie for https:\/\/ sites<\/li><\/ul>","<h4>1.0.8 (2017-08-21)<\/h4><ul> <li>Changed: Template uses new `core` property so it displays with other core templates<\/li><\/ul>","<h4>1.0.7 (2017-08-01)<\/h4><ul> <li>Fixed: Form builder alert containing misspelling<\/li><\/ul>","<h4>1.0.6 (2017-02-23)<\/h4><ul> <li>Fixed: Capitalized letters not being allowed in custom user meta keys<\/li><\/ul>","<h4>1.0.5 (2016-12-08)<\/h4><ul> <li>Changed: Emails sent to site admin\/user on account creation now use HTML email template<\/li> <li>Changed: For new registration forms, the Username field is no longer required; email address used as fallback<\/li> <li>Changed: Additional user data is passed to <code>wpforms_user_registered<\/code> action<\/li><\/ul>","<h4>1.0.4 (2016-10-24)<\/h4><ul> <li>Fixed: Setting for login form template that was not displaying<\/li><\/ul>","<h4>1.0.3 (2016-10-07)<\/h4><ul> <li>Fixed: Misnamed function causing errors<\/li><\/ul>","<h4>1.0.2 (2016-09-15)<\/h4><ul> <li>Added: Errors indicating username\/email already exist are now filterable<\/li> <li>Changed: User registration and login form templates load order so it shows after default templates<\/li><\/ul>","<h4>1.0.1 (2016-06-23)<\/h4><ul> <li>Added: New filters to allow for email customizations<\/li> <li>Changed: Prevent plugin from running if WPForms Pro is not activated<\/li><\/ul>","<h4>1.0.0 (2016-05-19)<\/h4><ul> <li>Initial release.<\/li><\/ul>"],"required_versions":{"wp":"5.2","php":"5.6","wpforms":""},"form_builder":{"category":["settings"]},"settings_integrations":{"category":[],"featured":false},"icon":"addon-icon-user-registration.png"},"wpforms-webhooks":{"title":"Webhooks Addon","slug":"wpforms-webhooks","url":"https:\/\/wpforms.com\/addons\/webhooks-addon\/","version":"1.2.0","image":"https:\/\/wpforms.com\/wp-content\/uploads\/2020\/07\/addon-icon-webhooks-1.png","video":"https:\/\/www.youtube.com\/embed\/zATIHVCR070","excerpt":"The WPForms Webhooks addon allows you to send form entry data to secondary tools and external services. No code required, and no need for a third party connector.","doc":"https:\/\/wpforms.com\/docs\/how-to-install-and-use-the-webhooks-addon-with-wpforms\/","id":901410,"license":["agency","ultimate","elite"],"category":["settings"],"changelog":["<h4>1.2.0 (2022-05-26)<\/h4><ul> <li>IMPORTANT:\u00a0Support for WordPress 5.1 has been discontinued. If you are running WordPress 5.1, you MUST upgrade WordPress before installing the new WPForms Webhooks. Failure to do that will disable the new WPForms Webhooks functionality.<\/li> <li>Changed: Minimum WPForms version supported is 1.7.4.2.<\/li> <li>Changed: Extend hook arguments: make it possible to use formatted field values.<\/li><\/ul>","<h4>1.1.0 (2021-10-28)<\/h4><ul> <li>Added: Process smart tags inside Request Headers and Body fields.<\/li> <li>Added: Compatibility with WPForms 1.6.8 and the updated Form Builder.<\/li> <li>Changed: Improved compatibility with jQuery 3.5 and no jQuery Migrate plugin.<\/li> <li>Changed: Improved compatibility with WordPress 5.9 and PHP 8.1.<\/li> <li>Fixed: Compatibility with WordPress Multisite installations.<\/li> <li>Fixed: Improve the way webhooks are disabled and displayed when disabled.<\/li> <li>Fixed: Incorrect width of setting fields in Safari.<\/li> <li>Fixed: Issue with saving settings.<\/li><\/ul>","<h4>1.0.0 (2020-07-08)<\/h4><ul> <li>Initial release.<\/li><\/ul>"],"required_versions":{"wp":"5.2","php":"5.6","wpforms":""},"form_builder":{"category":["settings"]},"settings_integrations":{"category":[],"featured":false},"icon":"addon-icon-webhooks.png"},"wpforms-zapier":{"title":"Zapier Addon","slug":"wpforms-zapier","url":"https:\/\/wpforms.com\/addons\/zapier-addon\/","version":"1.3.0","image":"https:\/\/wpforms.com\/wp-content\/uploads\/2016\/08\/zapier-addon-icon.png","video":"https:\/\/www.youtube.com\/embed\/cborzyPgLu0","excerpt":"The WPForms Zapier addon allows you to connect your WordPress forms with over 2000+ web apps. The integration possibilities here are just endless.","doc":"https:\/\/wpforms.com\/docs\/how-to-install-and-use-zapier-addon-with-wpforms\/","id":9141,"license":["pro","agency","ultimate","elite"],"category":["providers"],"changelog":["<h4>1.3.0 (2020-12-11)<\/h4><ul><li>Added: Popular Zap templates inside the form builder Zapier settings area.<\/li><\/ul>","<h4>1.2.0 (2019-07-23)<\/h4><ul> <li>Added: Complete translations for French and Portuguese (Brazilian).<\/li> <li>Fixed: Incorrect checkbox value is passed to Zapier with \"Show values\" option enabled.<\/li><\/ul>","<h4>1.1.0 (2019-02-06)<\/h4><ul> <li>Added: Complete translations for Spanish, Italian, Japanese, and German.<\/li> <li>Fixed: Typos, grammar, and other i18n related issues.<\/li><\/ul>","<h4>1.0.6 (2018-01-07)<\/h4><ul> <li>Fixed: Entry ID not correctly passing to Zaps.<\/li> <li>Fixed: Empty Checkbox field choice labels causing PHP error.<\/li><\/ul>","<h4>1.0.5 (2017-10-25)<\/h4><ul> <li>Fixed: \"Live\" Zap status setting not updating correctly<\/li> <li>Fixed: \"Edit this Zap\" link incorrect\/broken<\/li><\/ul>","<h4>1.0.4 (2017-09-27)<\/h4><ul> <li>Changed: All HTTP requests now validate target sites SSL certificates with WP bundled certificates (since 3.7)<\/li> <li>Fixed: Properly decode forms name before sending them to Zapier to display<\/li> <li>Fixed: Update function incorrectly named which could cause conflicts with MailChimp addon<\/li> <li>Fixed: Visual display of connected forms on Settings &gt; Integrations page<\/li><\/ul>","<h4>1.0.3 (2017-03-09)<\/h4><ul> <li>Changed: Adjust display order so that the providers show in alphabetical order<\/li><\/ul>","<h4>1.0.2 (2016-12-08)<\/h4><ul> <li>Added: Support for Dropdown Items payment field<\/li><\/ul>","<h4>1.0.1 (2016-09-02)<\/h4><ul> <li>Fixed: Error with Zapier custom field polling<\/li><\/ul>","<h4>1.0.0 (2016-08-30)<\/h4><ul> <li>Initial release.<\/li><\/ul>"],"required_versions":{"wp":"5.2","php":"5.6","wpforms":""},"form_builder":{"category":["providers"]},"settings_integrations":{"category":["crm","email-marketing"],"featured":false},"icon":"addon-icon-zapier.png"}}