{"2016128":{"title":"Using Form Tags in WPForms","url":"https:\/\/wpforms.com\/docs\/using-form-tags-in-wpforms\/","categories":["functionality"]},"1967180":{"title":"How to Install and Use the MailerLite Addon With WPForms","url":"https:\/\/wpforms.com\/docs\/install-use-mailerlite-addon-wpforms\/","categories":["addons"]},"1879895":{"title":"How to Optimize Cache Settings to Fix Submission Errors","url":"https:\/\/wpforms.com\/docs\/how-to-optimize-cache-settings-to-fix-submission-errors\/","categories":["troubleshooting"]},"1933035":{"title":"How to Add a Background Image in WPForms","url":"https:\/\/wpforms.com\/docs\/how-to-add-a-background-image-in-wpforms\/","categories":["styling"]},"1897880":{"title":"How to Use the Form Locator in WPForms","url":"https:\/\/wpforms.com\/docs\/how-to-use-the-forms-locator-in-wpforms\/","categories":["functionality"]},"1881652":{"title":"How to Use Lite Connect in WPForms Lite","url":"https:\/\/wpforms.com\/docs\/how-to-use-lite-connect-for-wpforms\/","categories":["entries"]},"1792047":{"title":"How to Use Form Revisions in WPForms","url":"https:\/\/wpforms.com\/docs\/how-to-use-form-revisions-in-wpforms\/","categories":["functionality"]},"1745929":{"title":"How to Install and Use the HubSpot Addon in WPForms","url":"https:\/\/wpforms.com\/docs\/how-to-install-and-use-the-hubspot-addon-in-wpforms\/","categories":["addons"]},"1742074":{"title":"How to Create a Popup Form with WPForms","url":"https:\/\/wpforms.com\/docs\/how-to-create-a-popup-form-with-wpforms\/","categories":["extending"]},"1713425":{"title":"A Complete Guide to Form Management","url":"https:\/\/wpforms.com\/docs\/a-complete-guide-to-form-management\/","categories":["getting-started"]},"1615221":{"title":"How to Troubleshoot JavaScript Issues in WPForms","url":"https:\/\/wpforms.com\/docs\/how-to-troubleshoot-javascript-issues-in-wpforms\/","categories":["troubleshooting"]},"1525004":{"title":"How to Install and Use the Save and Resume Addon With WPForms","url":"https:\/\/wpforms.com\/docs\/how-to-install-and-use-the-save-and-resume-addon-with-wpforms\/","categories":["addons"]},"1607871":{"title":"How to Use Uncanny Automator With WPForms","url":"https:\/\/wpforms.com\/docs\/how-to-use-uncanny-automator-with-wpforms\/","categories":["functionality"]},"1563172":{"title":"How to Use the Rich Text Field in WPForms","url":"https:\/\/wpforms.com\/docs\/how-to-use-the-rich-text-field-in-wpforms\/","categories":["fields"]},"1574906":{"title":"A Complete Guide to WPForms Security","url":"https:\/\/wpforms.com\/docs\/a-complete-guide-to-wpforms-security\/","categories":["getting-started"]},"1574935":{"title":"Why You Should Always Use the Latest Version of WPForms","url":"https:\/\/wpforms.com\/docs\/why-you-should-always-use-the-latest-version-of-wpforms\/","categories":["getting-started","troubleshooting"]},"1548617":{"title":"How to Use WPForms with WordPress Multisite","url":"https:\/\/wpforms.com\/docs\/how-to-use-wpforms-with-wordpress-multisite\/","categories":["getting-started"]},"1541272":{"title":"How to Test Square Payments Before Accepting Real Payments","url":"https:\/\/wpforms.com\/docs\/how-to-test-square-payments-on-your-site\/","categories":["payments"]},"1537393":{"title":"How to Install and Use the Square Addon with WPForms","url":"https:\/\/wpforms.com\/docs\/how-to-install-and-use-the-square-addon-with-wpforms\/","categories":["addons","payments"]},"1530929":{"title":"How to Use Keyboard Shortcuts in the WPForms Form Builder","url":"https:\/\/wpforms.com\/docs\/how-to-use-keyboard-shortcuts-in-the-wpforms-form-builder\/","categories":["functionality"]},"1520127":{"title":"How to Use the HTML Field in WPForms","url":"https:\/\/wpforms.com\/docs\/how-to-use-the-html-field-in-wpforms\/","categories":["fields"]},"1516541":{"title":"How to Customize the Multiple Choice Field in WPForms","url":"https:\/\/wpforms.com\/docs\/how-to-customize-the-multiple-choice-field-in-wpforms\/","categories":["fields"]},"1508491":{"title":"How to Customize the Checkboxes Field in WPForms","url":"https:\/\/wpforms.com\/docs\/how-to-customize-the-checkboxes-field-in-wpforms\/","categories":["fields"]},"1506373":{"title":"How to Customize the Dropdown Field in WPForms","url":"https:\/\/wpforms.com\/docs\/how-to-customize-the-dropdown-field-in-wpforms\/","categories":["fields"]},"1499212":{"title":"How to Show Entry Previews in WPForms","url":"https:\/\/wpforms.com\/docs\/how-to-show-entry-previews-in-wpforms\/","categories":["fields"]},"1459141":{"title":"How to Use Form Templates in WPForms","url":"https:\/\/wpforms.com\/docs\/how-to-use-form-templates-in-wpforms\/","categories":["functionality"]},"1440908":{"title":"How to Add an \"Other\" Option for Checkboxes, Multiple Choice, or Dropdown Fields","url":"https:\/\/wpforms.com\/docs\/how-to-add-an-other-option-for-checkboxes-multiple-choice-or-dropdown-fields\/","categories":["fields"]},"1392896":{"title":"How to Manually Install Addons in WPForms","url":"https:\/\/wpforms.com\/docs\/how-to-manually-install-addons-in-wpforms\/","categories":["addons","troubleshooting"]},"1331393":{"title":"How to Customize the Previous and Next Buttons in Multi-Page Forms","url":"https:\/\/wpforms.com\/docs\/how-to-customize-the-previous-and-next-buttons-in-multi-page-forms\/","categories":["styling"]},"1290834":{"title":"How to Use WPForms With WP Rocket","url":"https:\/\/wpforms.com\/docs\/how-to-use-wpforms-with-wp-rocket\/","categories":["extending"]},"72875":{"title":"A Complete Guide to the File Upload Field","url":"https:\/\/wpforms.com\/docs\/a-complete-guide-to-the-file-upload-field\/","categories":["fields"]},"766223":{"title":"How to Edit Entries in WPForms","url":"https:\/\/wpforms.com\/docs\/how-to-edit-entries-in-wpforms\/","categories":["entries"]},"390":{"title":"How to Set Up Form Notification Emails in WPForms","url":"https:\/\/wpforms.com\/docs\/setup-form-notification-wpforms\/","categories":["entries","functionality"]},"1601":{"title":"How to Install and Use the Stripe Addon With WPForms","url":"https:\/\/wpforms.com\/docs\/how-to-install-and-use-the-stripe-addon-with-wpforms\/","categories":["addons","payments"]},"501":{"title":"How to Install and Use the PayPal Standard Addon With WPForms","url":"https:\/\/wpforms.com\/docs\/install-use-paypal-addon-wpforms\/","categories":["addons","payments"]},"758116":{"title":"How to Install and Use the Authorize.Net Addon with WPForms","url":"https:\/\/wpforms.com\/docs\/how-to-install-and-use-the-authorize-net-addon-with-wpforms\/","categories":["addons","payments"]},"162604":{"title":"How to Add a Likert Scale Field to WPForms","url":"https:\/\/wpforms.com\/docs\/how-to-add-a-likert-scale-field-to-wpforms\/","categories":["fields"]},"3287":{"title":"How to Install and Set Up the User Registration Addon in WPForms","url":"https:\/\/wpforms.com\/docs\/how-to-install-and-use-user-registration-addon-with-wpforms\/","categories":["addons"]},"384":{"title":"How to Set Up Form Confirmations in WPForms","url":"https:\/\/wpforms.com\/docs\/setup-form-confirmation-wpforms\/","categories":["functionality"]},"189125":{"title":"How to Choose an \"Include Form Styling\" Setting","url":"https:\/\/wpforms.com\/docs\/how-to-choose-an-include-form-styling-setting\/","categories":["styling"]},"259590":{"title":"A Complete Guide to WPForms Tools","url":"https:\/\/wpforms.com\/docs\/a-complete-guide-to-wpforms-tools\/","categories":["getting-started"]},"514":{"title":"How to Install and Use the Mailchimp Addon With WPForms","url":"https:\/\/wpforms.com\/docs\/install-use-mailchimp-addon-wpforms\/","categories":["addons"]},"666026":{"title":"How to Set Up Access Controls in WPForms","url":"https:\/\/wpforms.com\/docs\/how-to-set-up-access-controls-in-wpforms\/","categories":["functionality"]},"1182297":{"title":"How to Create a Payment Form in WPForms","url":"https:\/\/wpforms.com\/docs\/how-to-create-a-payment-form-in-wpforms\/","categories":["payments"]},"25337":{"title":"How to Allow Users to Choose a Payment Method in Your Form","url":"https:\/\/wpforms.com\/docs\/how-to-allow-users-to-choose-a-payment-method-on-your-form\/","categories":["payments"]},"31518":{"title":"How to Use Smart Tags in WPForms","url":"https:\/\/wpforms.com\/docs\/how-to-use-smart-tags-in-wpforms\/","categories":["functionality"]},"806657":{"title":"How to Customize the Date \/ Time Field in WPForms","url":"https:\/\/wpforms.com\/docs\/how-to-customize-the-date-time-field-in-wpforms\/","categories":["fields"]},"427472":{"title":"How to Create Your First Form with the WordPress Classic Editor","url":"https:\/\/wpforms.com\/docs\/creating-your-first-form-with-the-wordpress-classic-editor\/","categories":["getting-started"]},"130847":{"title":"How to Print Form Entries","url":"https:\/\/wpforms.com\/docs\/how-to-print-form-entries\/","categories":["functionality"]},"11643":{"title":"How to Install and Use the Post Submissions Addon in WPForms","url":"https:\/\/wpforms.com\/docs\/how-to-install-and-use-the-post-submissions-addon-in-wpforms\/","categories":["addons"]},"1122549":{"title":"How to Set Up and Use reCAPTCHA in WPForms","url":"https:\/\/wpforms.com\/docs\/how-to-set-up-and-use-recaptcha-in-wpforms\/","categories":["fields","functionality"]},"219798":{"title":"A Complete Guide to WPForms Settings","url":"https:\/\/wpforms.com\/docs\/a-complete-guide-to-wpforms-settings\/","categories":["getting-started"]},"7488":{"title":"How to Install and Use the Geolocation Addon With WPForms","url":"https:\/\/wpforms.com\/docs\/how-to-install-and-use-the-geolocation-addon-with-wpforms\/","categories":["addons"]},"6413":{"title":"How to Export Form Entries in WPForms","url":"https:\/\/wpforms.com\/docs\/how-to-export-form-entries-to-csv-in-wpforms\/","categories":["functionality"]},"342":{"title":"How to Verify Your WPForms License","url":"https:\/\/wpforms.com\/docs\/verify-wpforms-license\/","categories":["getting-started"]},"113798":{"title":"How to Use WPForms With a WordPress.com Business Account","url":"https:\/\/wpforms.com\/docs\/how-to-use-wpforms-with-a-wordpress-com-business-account\/","categories":["getting-started"]},"989282":{"title":"How to Install and Use the Salesforce Addon With WPForms","url":"https:\/\/wpforms.com\/docs\/how-to-install-and-use-the-salesforce-addon-with-wpforms\/","categories":["addons"]},"34244":{"title":"How to Use SMTP to Fix WordPress Contact Form Not Sending Email","url":"https:\/\/wpforms.com\/docs\/how-to-fix-wordpress-contact-form-not-sending-email-with-smtp\/","categories":["extending","troubleshooting"]},"347":{"title":"How to Install and Activate WPForms Addons","url":"https:\/\/wpforms.com\/docs\/install-activate-wpforms-addons\/","categories":["addons","getting-started"]},"343":{"title":"How to Install the WPForms Plugin","url":"https:\/\/wpforms.com\/docs\/install-wpforms-plugin\/","categories":["getting-started"]},"444221":{"title":"How to Limit the Number of Checkboxes Selections","url":"https:\/\/wpforms.com\/docs\/how-to-limit-the-number-of-checkboxes-selections\/","categories":["fields"]},"134326":{"title":"How to Add Extra Text and Descriptions to Forms","url":"https:\/\/wpforms.com\/docs\/how-to-add-extra-text-and-descriptions-to-forms\/","categories":["fields"]},"1021632":{"title":"How to Create an Allowlist or Denylist for Email Addresses in WPForms","url":"https:\/\/wpforms.com\/docs\/how-to-create-an-allowlist-denylist-for-email-addresses-in-wpforms\/","categories":["functionality"]},"1150967":{"title":"How to Troubleshoot Action Scheduler Issues in WPForms","url":"https:\/\/wpforms.com\/docs\/how-to-troubleshoot-action-scheduler-issues-in-wpforms\/","categories":["troubleshooting"]},"940111":{"title":"How to Test Authorize.Net Payments Before Accepting Real Payments","url":"https:\/\/wpforms.com\/docs\/how-to-test-authorize-net-payments-before-accepting-real-payments\/","categories":["payments"]},"131187":{"title":"How to Create GDPR Compliant Forms","url":"https:\/\/wpforms.com\/docs\/how-to-create-gdpr-compliant-forms\/","categories":["getting-started"]},"1118783":{"title":"How to Install and Use the Sendinblue Addon with WPForms","url":"https:\/\/wpforms.com\/docs\/how-to-install-and-use-the-sendinblue-addon-with-wpforms\/","categories":["addons"]},"1065":{"title":"How to Change WPForms Validation Messages","url":"https:\/\/wpforms.com\/docs\/customize-wpforms-validation-messages\/","categories":["functionality"]},"394":{"title":"How to Choose a CAPTCHA in WPForms","url":"https:\/\/wpforms.com\/docs\/setup-captcha-wpforms\/","categories":["fields"]},"1123919":{"title":"How to Set Up and Use hCaptcha in WPForms","url":"https:\/\/wpforms.com\/docs\/how-to-set-up-and-use-hcaptcha-in-wpforms\/","categories":["fields","functionality"]},"2597":{"title":"How to Install and Use the GetResponse Addon With WPForms","url":"https:\/\/wpforms.com\/docs\/how-to-install-and-use-getresponse-addon-with-wpforms\/","categories":["addons"]},"1106055":{"title":"How to Enable Activity Logging for WPForms","url":"https:\/\/wpforms.com\/docs\/how-to-enable-activity-logging-for-wpforms\/","categories":["troubleshooting"]},"73240":{"title":"How to Customize the Columns for Form Entries","url":"https:\/\/wpforms.com\/docs\/how-to-customize-the-columns-for-form-entries\/","categories":["entries"]},"167652":{"title":"How to Add Image Choices to WPForms","url":"https:\/\/wpforms.com\/docs\/how-to-add-image-choices-to-fields\/","categories":["fields"]},"1030672":{"title":"How to Limit Options for the Date \/ Time Field","url":"https:\/\/wpforms.com\/docs\/how-to-limit-options-for-the-date-time-field\/","categories":["fields"]},"278":{"title":"How to Create Your First Form","url":"https:\/\/wpforms.com\/docs\/creating-first-form\/","categories":["getting-started"]},"375":{"title":"How to Troubleshoot WPForms","url":"https:\/\/wpforms.com\/docs\/getting-support-wpforms\/","categories":["troubleshooting"]},"161491":{"title":"How to Troubleshoot License Verification Errors","url":"https:\/\/wpforms.com\/docs\/how-to-troubleshoot-license-verification-errors\/","categories":["getting-started","troubleshooting"]},"1063946":{"title":"How to Install and Use the User Journey Addon in WPForms","url":"https:\/\/wpforms.com\/docs\/how-to-install-and-use-the-user-journey-addon-in-wpforms\/","categories":["addons"]},"512431":{"title":"How to Translate WPForms into Multiple Languages","url":"https:\/\/wpforms.com\/docs\/how-to-translate-wpforms-into-multiple-languages\/","categories":["extending"]},"831364":{"title":"How to Add WPForms to an Elementor Popup","url":"https:\/\/wpforms.com\/docs\/how-to-add-wpforms-to-an-elementor-popup\/","categories":["extending"]},"33938":{"title":"How to Test PayPal Payments Before Accepting Real Payments","url":"https:\/\/wpforms.com\/docs\/how-to-test-paypal-payments-before-accepting-real-payments\/","categories":["payments"]},"1033958":{"title":"How to Add WPForms to a Divi Page","url":"https:\/\/wpforms.com\/docs\/how-to-add-wpforms-to-a-divi-page\/","categories":["extending"]},"491194":{"title":"How to Enable AJAX Form Submissions","url":"https:\/\/wpforms.com\/docs\/how-to-enable-ajax-form-submissions\/","categories":["functionality"]},"938775":{"title":"How to Prevent Spam in WPForms","url":"https:\/\/wpforms.com\/docs\/how-to-prevent-spam-in-wpforms\/","categories":["functionality"]},"883435":{"title":"How to Install and Use the Webhooks Addon With WPForms","url":"https:\/\/wpforms.com\/docs\/how-to-install-and-use-the-webhooks-addon-with-wpforms\/","categories":["addons"]},"55954":{"title":"How to Translate WPForms into a Different Language","url":"https:\/\/wpforms.com\/docs\/how-to-translate-wpforms-into-a-different-language\/","categories":["extending"]},"319884":{"title":"How to Take the WPForms Challenge","url":"https:\/\/wpforms.com\/docs\/how-to-take-the-wpforms-challenge\/","categories":["getting-started"]},"19858":{"title":"How to Allow Additional File Upload Types","url":"https:\/\/wpforms.com\/docs\/how-to-allow-additional-file-upload-types\/","categories":["extending"]},"75408":{"title":"A Complete Guide to Field Types in WPForms","url":"https:\/\/wpforms.com\/docs\/how-to-choose-the-right-form-field-for-your-forms\/","categories":["fields"]},"46009":{"title":"How to Bulk Add Choices for Dropdown, Multiple Choice, and Checkboxes Fields","url":"https:\/\/wpforms.com\/docs\/how-to-bulk-add-choices-for-multiple-choice-checkbox-and-dropdown-fields\/","categories":["fields"]},"960226":{"title":"Usage Tracking","url":"https:\/\/wpforms.com\/docs\/usage-tracking\/","categories":[]},"936614":{"title":"How to Add WPForms to an Elementor Page","url":"https:\/\/wpforms.com\/docs\/how-to-add-wpforms-to-an-elementor-page\/","categories":["getting-started"]},"386897":{"title":"How to Install and Use the Conversational Forms Addon","url":"https:\/\/wpforms.com\/docs\/how-to-install-and-use-the-conversational-forms-addon\/","categories":["addons"]},"8374":{"title":"How to Install and Use the Zapier Addon With WPForms","url":"https:\/\/wpforms.com\/docs\/how-to-install-and-use-zapier-addon-with-wpforms\/","categories":["addons"]},"886062":{"title":"How to Allow Multiple Selections for a Dropdown Field in WPForms","url":"https:\/\/wpforms.com\/docs\/how-to-allow-multiple-selections-to-a-dropdown-field-in-wpforms\/","categories":["fields"]},"767964":{"title":"How to Add a Number Slider Field to WPForms","url":"https:\/\/wpforms.com\/docs\/how-to-add-a-number-slider-field-to-wpforms\/","categories":["fields"]},"718603":{"title":"How to Install and Use the ActiveCampaign Addon With WPForms","url":"https:\/\/wpforms.com\/docs\/how-to-install-and-use-the-activecampaign-addon-with-wpforms\/","categories":["addons"]},"874711":{"title":"How to View Recent Changes to the WPForms Plugin [Changelog]","url":"https:\/\/wpforms.com\/docs\/how-to-view-recent-changes-to-the-wpforms-plugin-changelog\/","categories":["troubleshooting"]},"847300":{"title":"How to Add a Date and Time Stamp to WPForms Entries","url":"https:\/\/wpforms.com\/docs\/how-to-add-a-date-time-stamp-to-wpforms-entries\/","categories":["entries"]},"79993":{"title":"A Complete Guide to Form Entries","url":"https:\/\/wpforms.com\/docs\/complete-guide-to-form-entries\/","categories":["entries"]},"10859":{"title":"How to Use (AND\u2013OR) Smart Conditional Logic in WPForms","url":"https:\/\/wpforms.com\/docs\/how-to-use-and-or-conditional-logic\/","categories":["functionality"]},"158071":{"title":"How to Use Custom Input Masks in WPForms","url":"https:\/\/wpforms.com\/docs\/how-to-use-custom-input-masks\/","categories":["fields"]},"453":{"title":"How to Create Multi-Page Forms in WPForms","url":"https:\/\/wpforms.com\/docs\/how-to-create-multi-page-forms-in-wpforms\/","categories":["fields","functionality"]},"599853":{"title":"How to Limit Words or Characters in a Form Field","url":"https:\/\/wpforms.com\/docs\/how-to-limit-words-or-characters-in-a-form-field\/","categories":["fields"]},"571505":{"title":"How to Create a Temporary Admin User for Support","url":"https:\/\/wpforms.com\/docs\/how-to-create-a-temporary-admin-user-for-support\/","categories":["troubleshooting"]},"25349":{"title":"How to Test Stripe Payments Before Accepting Real Payments","url":"https:\/\/wpforms.com\/docs\/how-to-test-stripe-payments-on-your-site\/","categories":["payments"]},"555199":{"title":"How to Update to the Stripe Credit Card Field","url":"https:\/\/wpforms.com\/docs\/how-to-update-to-the-stripe-credit-card-field\/","categories":[]},"665":{"title":"How to Upgrade from WPForms Lite to a Paid License","url":"https:\/\/wpforms.com\/docs\/upgrade-wpforms-lite-paid-license\/","categories":["getting-started"]},"485492":{"title":"How to Customize the Address Field","url":"https:\/\/wpforms.com\/docs\/how-to-customize-the-address-field\/","categories":["fields"]},"521897":{"title":"How to Use Email Summaries (Weekly Form Reports)","url":"https:\/\/wpforms.com\/docs\/how-to-use-email-summaries\/","categories":["functionality"]},"173727":{"title":"How to Use WPForms with AMP","url":"https:\/\/wpforms.com\/docs\/how-to-use-wpforms-with-amp\/","categories":["functionality"]},"442838":{"title":"How to Privately Share Credentials with Support","url":"https:\/\/wpforms.com\/docs\/how-to-privately-share-credentials-with-support\/","categories":["troubleshooting"]},"346237":{"title":"How to Install and Use the Form Pages Addon in WPForms","url":"https:\/\/wpforms.com\/docs\/how-to-install-and-use-the-form-pages-addon\/","categories":["addons"]},"15403":{"title":"How to Customize WPForms With CSS Hero (No HTML or CSS)","url":"https:\/\/wpforms.com\/docs\/how-to-style-wpforms-without-knowing-any-code\/","categories":["styling"]},"325904":{"title":"How to Use the WPForms Dashboard Widget","url":"https:\/\/wpforms.com\/docs\/how-to-use-the-wpforms-dashboard-widget\/","categories":["functionality"]},"35572":{"title":"How to Add a Terms of Service Checkbox to a Form","url":"https:\/\/wpforms.com\/docs\/how-to-add-a-terms-of-service-checkbox-to-a-form\/","categories":["fields"]},"39280":{"title":"How to Troubleshoot CSS Not Working","url":"https:\/\/wpforms.com\/docs\/how-to-troubleshoot-css-not-working\/","categories":["styling","troubleshooting"]},"26276":{"title":"How to Customize the Submit Button","url":"https:\/\/wpforms.com\/docs\/how-to-customize-the-submit-button\/","categories":["styling"]},"286139":{"title":"How to Find WPForms Custom Development Options with Codeable","url":"https:\/\/wpforms.com\/docs\/how-to-find-wpforms-custom-development-options-with-codeable\/","categories":["extending"]},"4889":{"title":"How to Install and Use the Campaign Monitor Addon with WPForms","url":"https:\/\/wpforms.com\/docs\/how-to-install-and-use-campaign-monitor-addon-with-wpforms\/","categories":["addons"]},"265873":{"title":"How to Install and Use the Form Locker Addon in WPForms","url":"https:\/\/wpforms.com\/docs\/how-to-install-and-use-the-form-locker-addon-in-wpforms\/","categories":["addons"]},"208366":{"title":"How to Install and Use the Drip Addon in WPForms","url":"https:\/\/wpforms.com\/docs\/how-to-install-and-use-the-drip-addon-in-wpforms\/","categories":["addons"]},"554":{"title":"How to Install and Use the AWeber Addon with WPForms","url":"https:\/\/wpforms.com\/docs\/install-use-aweber-addon-wpforms\/","categories":["addons"]},"274313":{"title":"How to Customize Form Field Options","url":"https:\/\/wpforms.com\/docs\/how-to-customize-form-field-options\/","categories":["fields"]},"268667":{"title":"How to Move from Pirate Forms to WPForms","url":"https:\/\/wpforms.com\/docs\/how-to-move-from-pirate-forms-to-wpforms\/","categories":["getting-started"]},"27408":{"title":"How to Install and Use the Form Abandonment Addon with WPForms","url":"https:\/\/wpforms.com\/docs\/how-to-install-and-use-form-abandonment-with-wpforms\/","categories":["addons"]},"256416":{"title":"How to Create Conditional Form Confirmations","url":"https:\/\/wpforms.com\/docs\/how-to-create-conditional-form-confirmations\/","categories":["functionality"]},"211095":{"title":"How to Add a Net Promoter Score Field to WPForms","url":"https:\/\/wpforms.com\/docs\/how-to-add-a-net-promoter-score-field-to-wpforms\/","categories":["fields"]},"252402":{"title":"How to Add Placeholder Text to a Form Field","url":"https:\/\/wpforms.com\/docs\/how-to-add-placeholder-text-to-a-form-field\/","categories":["fields"]},"41330":{"title":"How to Create a Custom Form Template","url":"https:\/\/wpforms.com\/docs\/how-to-create-a-custom-form-template\/","categories":["functionality"]},"32718":{"title":"How to Set Up Custom User Meta Fields","url":"https:\/\/wpforms.com\/docs\/how-to-set-up-custom-user-meta-fields\/","categories":["fields"]},"7493":{"title":"How to Install and Use the Custom Captcha Addon in WPForms","url":"https:\/\/wpforms.com\/docs\/how-to-install-and-use-custom-captcha-addon-in-wpforms\/","categories":["addons"]},"58722":{"title":"How to Use Conditional Logic with WPForms","url":"https:\/\/wpforms.com\/docs\/how-to-use-conditional-logic-with-wpforms\/","categories":["functionality"]},"148861":{"title":"How to Install and Use the Surveys and Polls Addon","url":"https:\/\/wpforms.com\/docs\/how-to-install-and-use-the-surveys-and-polls-addon\/","categories":["addons"]},"2554":{"title":"How to Create Multi-Column Form Layouts in WPForms","url":"https:\/\/wpforms.com\/docs\/how-to-create-multi-column-form-layouts-in-wpforms\/","categories":["styling"]},"171738":{"title":"How to Add Default Values for Form Fields","url":"https:\/\/wpforms.com\/docs\/how-to-add-default-values-for-form-fields\/","categories":["fields"]},"11167":{"title":"How to Set Dynamic Field Choices in WPForms","url":"https:\/\/wpforms.com\/docs\/how-to-set-dynamic-field-default-values-in-wpforms\/","categories":["fields"]},"10214":{"title":"Troubleshooting Form Notification Emails","url":"https:\/\/wpforms.com\/docs\/troubleshooting-email-notifications\/","categories":["troubleshooting"]},"34638":{"title":"How to Use Query Strings to Auto-Fill a Text Field","url":"https:\/\/wpforms.com\/docs\/how-to-use-query-strings-to-auto-fill-a-text-field\/","categories":["extending"]},"119365":{"title":"How to Set Up SMTP Using the WP Mail SMTP Plugin","url":"https:\/\/wpforms.com\/docs\/how-to-set-up-smtp-using-the-wp-mail-smtp-plugin\/","categories":["extending","troubleshooting"]},"4301":{"title":"How to Create Multi-Column Layouts for Multiple Choice and Checkboxes Choices","url":"https:\/\/wpforms.com\/docs\/how-to-create-a-multi-column-layout-for-radio-buttons-and-checkboxes\/","categories":["styling"]},"6412":{"title":"How to Import and Export WPForms","url":"https:\/\/wpforms.com\/docs\/how-to-import-and-export-wpforms\/","categories":["functionality"]},"44411":{"title":"How to Require a Payment Total with a WordPress Form","url":"https:\/\/wpforms.com\/docs\/how-to-require-payment-total-with-a-wordpress-form\/","categories":["payments"]},"155176":{"title":"How to Properly Test Your WordPress Forms Before Launching","url":"https:\/\/wpforms.com\/docs\/how-to-properly-test-your-wordpress-forms-before-launching-checklist\/","categories":["getting-started","troubleshooting"]},"158762":{"title":"How to Add Disclaimer \/ Terms of Service Agreement Formatting","url":"https:\/\/wpforms.com\/docs\/how-to-add-disclaimer-terms-of-service-agreement-formatting\/","categories":["fields"]},"35088":{"title":"How to Customize the Style of Individual Form Fields","url":"https:\/\/wpforms.com\/docs\/how-to-customize-the-style-of-individual-form-fields\/","categories":["styling"]},"141191":{"title":"How to Add a Rating Field to WPForms","url":"https:\/\/wpforms.com\/docs\/how-to-add-a-rating-field-to-wpforms\/","categories":["fields"]},"141321":{"title":"How to Search and Filter Form Entries","url":"https:\/\/wpforms.com\/docs\/how-to-search-and-filter-form-entries\/","categories":["entries"]},"33808":{"title":"How to Connect Constant Contact with WPForms","url":"https:\/\/wpforms.com\/docs\/how-to-connect-constant-contact-with-wpforms\/","categories":["addons","functionality"]},"25119":{"title":"How to Create a Donation Form with Multiple Amounts","url":"https:\/\/wpforms.com\/docs\/how-to-create-a-donation-form-with-multiple-amounts\/","categories":["payments"]},"142125":{"title":"How to Randomize Checkbox and Multiple Choice Options","url":"https:\/\/wpforms.com\/docs\/how-to-randomize-checkbox-and-multiple-choice-options\/","categories":["fields"]},"1295":{"title":"How to Add Custom CSS Classes to WPForms","url":"https:\/\/wpforms.com\/docs\/how-to-add-custom-css-to-your-wpforms\/","categories":["styling"]},"35122":{"title":"How to Style WPForms With Custom CSS (Beginner's Guide)","url":"https:\/\/wpforms.com\/docs\/how-to-style-wpforms-with-custom-css-beginners-guide\/","categories":["styling"]},"28190":{"title":"How to Display Your Form in a Single Line","url":"https:\/\/wpforms.com\/docs\/how-to-display-your-form-in-a-single-line\/","categories":["styling"]},"26859":{"title":"How to Display Fields in a Single Column on Mobile","url":"https:\/\/wpforms.com\/docs\/how-to-display-fields-in-a-single-column-on-mobile\/","categories":["styling"]},"1951":{"title":"How to Add a Custom Header Image in your WPForms Email Template","url":"https:\/\/wpforms.com\/docs\/how-to-add-custom-header-image-in-your-wpforms-email-template\/","categories":["functionality"]},"2560":{"title":"How to Create Conditional Form Notification Emails in WPForms","url":"https:\/\/wpforms.com\/docs\/how-to-create-conditional-form-notifications-in-wpforms\/","categories":["functionality"]},"14292":{"title":"How to Install and Use the Signature Addon in WPForms","url":"https:\/\/wpforms.com\/docs\/how-to-install-and-use-the-signature-addon-in-wpforms\/","categories":["addons"]},"10220":{"title":"How to Test for Theme or Plugin Conflicts","url":"https:\/\/wpforms.com\/docs\/how-to-test-for-theme-or-plugin-conflicts\/","categories":["troubleshooting"]},"97297":{"title":"How to Move from Ninja Forms to WPForms","url":"https:\/\/wpforms.com\/docs\/how-to-move-from-ninja-forms-to-wpforms\/","categories":["getting-started"]},"96265":{"title":"How to Move from Contact Form 7 to WPForms","url":"https:\/\/wpforms.com\/docs\/how-to-move-from-contact-form-7-to-wpforms\/","categories":["getting-started"]},"83282":{"title":"How to Install and Set Up the Offline Forms Addon","url":"https:\/\/wpforms.com\/docs\/how-to-install-and-set-up-the-offline-forms-addon\/","categories":["addons"]},"72876":{"title":"How to Delete All Entries for a Form","url":"https:\/\/wpforms.com\/docs\/how-to-delete-all-entries-for-a-form\/","categories":["entries"]},"73166":{"title":"Supported PHP and WordPress Versions for WPForms","url":"https:\/\/wpforms.com\/docs\/supported-php-version\/","categories":["getting-started","troubleshooting"]},"65222":{"title":"How to Add Icons to Your WordPress Forms","url":"https:\/\/wpforms.com\/docs\/how-to-add-icons-to-wordpress-forms\/","categories":["styling"]},"10050":{"title":"How to Use and Set Up Page Breaks in WPForms","url":"https:\/\/wpforms.com\/docs\/how-to-use-and-setup-page-breaks\/","categories":["functionality"]}}