[{"fields":{"0":{"id":"0","type":"name","label":"Name","format":"simple","description":"","required":"1","size":"large","simple_placeholder":"","simple_default":"","first_placeholder":"","first_default":"","middle_placeholder":"","middle_default":"","last_placeholder":"","last_default":"","css":""},"1":{"id":"1","type":"email","label":"Email","description":"","required":"1","size":"large","placeholder":"","confirmation_placeholder":"","default_value":"","filter_type":"","allowlist":"","denylist":"","css":""},"3":{"id":"3","type":"number","label":"Phone number","description":"","required":"1","size":"large","placeholder":"","default_value":"","css":""}},"id":"192","field_id":"4","settings":{"form_title":"Simple Appointment Form","form_desc":"","submit_text":"Save up to 50% today","submit_text_processing":"Sending...","antispam":"1","form_class":"","submit_class":"","ajax_submit":"1","notification_enable":"1","notifications":{"1":{"email":"{admin_email}","subject":"New Simple Contact Form Entry","sender_name":"Lotus Spa","sender_address":"{admin_email}","replyto":"","message":"{all_fields}"}},"confirmations":{"1":{"type":"message","message":"Thanks for contacting us! We will be in touch with you shortly.","message_scroll":"1","page":"2","redirect":""}}},"meta":{"template":"4dbf022985a4fe4bda4a80365011a3a0"}}]