[{"id":1103,"field_id":"4","fields":{"0":{"id":"0","type":"name","label":"Name","format":"simple","description":"","required":"1","size":"large","simple_placeholder":"Your Name","simple_default":"","first_placeholder":"","first_default":"","middle_placeholder":"","middle_default":"","last_placeholder":"","last_default":"","label_hide":"1","sublabel_hide":"1","css":""},"1":{"id":"1","type":"email","label":"Email","description":"","required":"1","size":"large","placeholder":"Your Email","confirmation_placeholder":"","label_hide":"1","default_value":"","css":""},"3":{"id":"3","type":"text","label":"Your Phone Number","description":"","required":"1","size":"large","placeholder":"Your Phone Number","label_hide":"1","limit_count":"1","limit_mode":"characters","default_value":"","css":"","input_mask":""}},"settings":{"form_title":"New Patient","form_desc":"","form_class":"","submit_text":"Send Request","submit_text_processing":"Sending...","submit_class":"","honeypot":"1","notification_enable":"1","notifications":{"1":{"email":"email@example.com","subject":"New Entry: Contact Us","sender_name":"{field_id=\"0\"}","sender_address":"email@example.com","replyto":"{field_id=\"1\"}","message":"{all_fields}"}},"confirmations":{"1":{"type":"message","message":"Thanks for contacting us! We will be in touch with you shortly.","message_scroll":"1","page":"13","redirect":""}}},"meta":{"template":"contact"}},{"id":"733","field_id":4,"fields":{"0":{"id":"0","type":"name","label":"Name","format":"simple","description":"","size":"large","simple_placeholder":"Your Name","simple_default":"","first_placeholder":"","first_default":"","middle_placeholder":"","middle_default":"","last_placeholder":"","last_default":"","label_hide":"1","sublabel_hide":"1","css":""},"1":{"id":"1","type":"email","label":"Email","description":"","required":"1","size":"large","placeholder":"Your Email","confirmation_placeholder":"","label_hide":"1","default_value":"","css":""},"3":{"id":"3","type":"text","label":"Your Phone Number","description":"","size":"large","placeholder":"Your Phone Number","label_hide":"1","default_value":"","css":"","input_mask":""},"2":{"id":"2","type":"textarea","label":"Comment or Message","description":"","required":"1","size":"large","placeholder":"Message","label_hide":"1","css":""}},"settings":{"form_title":"Contact Us","form_desc":"","form_class":"","submit_text":"Send Request","submit_text_processing":"Sending...","submit_class":"","honeypot":"1","notification_enable":"1","notifications":{"1":{"email":"email@example.com","subject":"New Entry: Contact Us","sender_name":"{field_id=\"0\"}","sender_address":"email@example.com","replyto":"{field_id=\"1\"}","message":"{all_fields}"}},"confirmations":{"1":{"type":"message","message":"\u003Cp\u003EThanks for contacting us! We will be in touch with you shortly.\u003C\/p\u003E","message_scroll":"1","page":"5","redirect":""}}},"meta":{"template":"contact"}}]